----菜单生成脚本
begin try
begin tran
delete t_DataFlowTopClass where FTopClassID>=800
delete t_DataFlowSubSystem where FTopClassID >= 800
delete t_DataFlowSubFunc where (FSubSysID >= 8000 and FSubSysID<=9000) or  (FSubSysID >= 80000 and FSubSysID<=90000)
delete t_DataFlowDetailFunc  where (FSubFuncID >= 800000 and FSubFuncID<=900000) or  (FSubFuncID >= 8000000 and FSubFuncID<=9000000)
delete t_SubSystem where FSubSysID = 800
insert into t_SubSystem(FSubSysID,FNumber,FName,FName_cht,FName_en) values(800,'','业务建模','业务建模','业务建模')
delete t_SubSystem where FSubSysID = 801
insert into t_SubSystem(FSubSysID,FNumber,FName,FName_cht,FName_en) values(801,'','整车管理','整车管理','整车管理')
delete t_SubSystem where FSubSysID = 802
insert into t_SubSystem(FSubSysID,FNumber,FName,FName_cht,FName_en) values(802,'','精品配件','精品配件','精品配件')
delete t_SubSystem where FSubSysID = 803
insert into t_SubSystem(FSubSysID,FNumber,FName,FName_cht,FName_en) values(803,'','增值业务','增值业务','增值业务')
delete t_SubSystem where FSubSysID = 804
 insert into t_SubSystem(FSubSysID,FNumber,FName,FName_cht,FName_en) values(804,'','售后维修','售后维修','售后维修')
delete t_SubSystem where FSubSysID = 805
insert into t_SubSystem(FSubSysID,FNumber,FName,FName_cht,FName_en) values(805,'','客户服务','客户服务','客户服务')
delete t_DataFlowTopClass where FTopClassID=800
Insert into t_DataFlowTopClass(FTopClassID,FTopClassName,FTopClassName_EN,FTopClassName_CHT,FIndex,FVisible,FAcctType,FToolTips,FToolTips_CHT,FToolTips_EN,FShowSysType) values (800,'业务建模','业务建模','业务建模',0,1,',1,',null,null,null,1);
delete t_DataFlowTopClass where FTopClassID=801
Insert into t_DataFlowTopClass(FTopClassID,FTopClassName,FTopClassName_EN,FTopClassName_CHT,FIndex,FVisible,FAcctType,FToolTips,FToolTips_CHT,FToolTips_EN,FShowSysType) values (801,'整车管理','整车管理','整车管理',0,1,',1,',null,null,null,1);
delete t_DataFlowTopClass where FTopClassID=802
Insert into t_DataFlowTopClass(FTopClassID,FTopClassName,FTopClassName_EN,FTopClassName_CHT,FIndex,FVisible,FAcctType,FToolTips,FToolTips_CHT,FToolTips_EN,FShowSysType) values (802,'精品配件','精品配件','精品配件',0,1,',1,',null,null,null,1);
delete t_DataFlowTopClass where FTopClassID=803
Insert into t_DataFlowTopClass(FTopClassID,FTopClassName,FTopClassName_EN,FTopClassName_CHT,FIndex,FVisible,FAcctType,FToolTips,FToolTips_CHT,FToolTips_EN,FShowSysType) values (803,'增值业务','增值业务','增值业务',0,1,',1,',null,null,null,1);
delete t_DataFlowTopClass where FTopClassID=804
Insert into t_DataFlowTopClass(FTopClassID,FTopClassName,FTopClassName_EN,FTopClassName_CHT,FIndex,FVisible,FAcctType,FToolTips,FToolTips_CHT,FToolTips_EN,FShowSysType) values (804,'售后维修','售后维修','售后维修',0,1,',1,',null,null,null,1);
delete t_DataFlowTopClass where FTopClassID=805
Insert into t_DataFlowTopClass(FTopClassID,FTopClassName,FTopClassName_EN,FTopClassName_CHT,FIndex,FVisible,FAcctType,FToolTips,FToolTips_CHT,FToolTips_EN,FShowSysType) values (805,'客户服务','客户服务','客户服务',0,1,',1,',null,null,null,1);
delete t_DataFlowTopClass where FTopClassID=899
Insert into t_DataFlowTopClass(FTopClassID,FTopClassName,FTopClassName_EN,FTopClassName_CHT,FIndex,FVisible,FAcctType,FToolTips,FToolTips_CHT,FToolTips_EN,FShowSysType) values (899,'4S视图','4S视图','4S视图',0,0,',1,',null,null,null,1);
delete t_DataFlowSubSystem where FSubSysID=8000
Insert into t_DataFlowSubSystem(FSubSysID,FName,FName_CHT,FName_EN,FTopClassID,FClassName,FIndex,FVisible,FAcctType,FRefresh,FNote,FNote_CHT,FNote_EN,FAppClassName,FHelpFileName,FTipID,FUpdateBaseData,FSubID,FIsEdit,FSubSystemID,FShowSysType,FUrl,FUrlType) values (8000,'基础资料','基础资料','基础资料',800,'K3BOSActive.Application',1,1,',1,',0,null,null,null,null,'nul',0,0,'',0,8000,1,'','');
delete t_DataFlowSubSystem where FSubSysID=8001
Insert into t_DataFlowSubSystem(FSubSysID,FName,FName_CHT,FName_EN,FTopClassID,FClassName,FIndex,FVisible,FAcctType,FRefresh,FNote,FNote_CHT,FNote_EN,FAppClassName,FHelpFileName,FTipID,FUpdateBaseData,FSubID,FIsEdit,FSubSystemID,FShowSysType,FUrl,FUrlType) values (8001,'系统设置','系统设置','系统设置',800,'K3BOSActive.Application',2,1,',1,',0,null,null,null,null,null,0,0,'',0,8001,1,'','');
delete t_DataFlowSubSystem where FSubSysID=8011
Insert into t_DataFlowSubSystem(FSubSysID,FName,FName_CHT,FName_EN,FTopClassID,FClassName,FIndex,FVisible,FAcctType,FRefresh,FNote,FNote_CHT,FNote_EN,FAppClassName,FHelpFileName,FTipID,FUpdateBaseData,FSubID,FIsEdit,FSubSystemID,FShowSysType,FUrl,FUrlType) values (8011,'整车采购','整车采购','整车采购',801,'K3BOSActive.Application',1,1,',1,',0,null,null,null,null,null,0,0,'',0,8011,1,'','');
delete t_DataFlowSubSystem where FSubSysID=8012
Insert into t_DataFlowSubSystem(FSubSysID,FName,FName_CHT,FName_EN,FTopClassID,FClassName,FIndex,FVisible,FAcctType,FRefresh,FNote,FNote_CHT,FNote_EN,FAppClassName,FHelpFileName,FTipID,FUpdateBaseData,FSubID,FIsEdit,FSubSystemID,FShowSysType,FUrl,FUrlType) values (8012,'整车库存','整车库存','整车库存',801,'K3BOSActive.Application',2,1,',1,',0,null,null,null,null,null,0,0,'',0,8012,1,'','');
delete t_DataFlowSubSystem where FSubSysID=8013
Insert into t_DataFlowSubSystem(FSubSysID,FName,FName_CHT,FName_EN,FTopClassID,FClassName,FIndex,FVisible,FAcctType,FRefresh,FNote,FNote_CHT,FNote_EN,FAppClassName,FHelpFileName,FTipID,FUpdateBaseData,FSubID,FIsEdit,FSubSystemID,FShowSysType,FUrl,FUrlType) values (8013,'整车销售','整车销售','整车销售',801,'K3BOSActive.Application',3,1,',1,',0,null,null,null,null,null,0,0,'',0,8013,1,'','');
delete t_DataFlowSubSystem where FSubSysID=8014
Insert into t_DataFlowSubSystem(FSubSysID,FName,FName_CHT,FName_EN,FTopClassID,FClassName,FIndex,FVisible,FAcctType,FRefresh,FNote,FNote_CHT,FNote_EN,FAppClassName,FHelpFileName,FTipID,FUpdateBaseData,FSubID,FIsEdit,FSubSystemID,FShowSysType,FUrl,FUrlType) values (8014,'整车报表','整车报表','整车报表',801,'K3BOSActive.Application',4,1,',1,',0,null,null,null,null,null,0,1,'',0,8014,1,'','');
delete t_DataFlowSubSystem where FSubSysID=8990
Insert into t_DataFlowSubSystem(FSubSysID,FName,FName_CHT,FName_EN,FTopClassID,FClassName,FIndex,FVisible,FAcctType,FRefresh,FNote,FNote_CHT,FNote_EN,FAppClassName,FHelpFileName,FTipID,FUpdateBaseData,FSubID,FIsEdit,FSubSystemID,FShowSysType,FUrl,FUrlType) values (8990,'4S视图','4S视图','4S视图',899,'K3BOSActive.Application',1,1,',1,',0,null,null,null,null,null,0,0,'',0,8990,1,'','');
delete t_DataFlowSubSystem where FSubSysID=80201
Insert into t_DataFlowSubSystem(FSubSysID,FName,FName_CHT,FName_EN,FTopClassID,FClassName,FIndex,FVisible,FAcctType,FRefresh,FNote,FNote_CHT,FNote_EN,FAppClassName,FHelpFileName,FTipID,FUpdateBaseData,FSubID,FIsEdit,FSubSystemID,FShowSysType,FUrl,FUrlType) values (80201,'精品配件采购','精品配件采购','精品配件采购',802,'K3BOSActive.Application',1,1,',1,',0,null,null,null,null,null,0,0,'',0,80201,1,'','');
delete t_DataFlowSubSystem where FSubSysID=80202
Insert into t_DataFlowSubSystem(FSubSysID,FName,FName_CHT,FName_EN,FTopClassID,FClassName,FIndex,FVisible,FAcctType,FRefresh,FNote,FNote_CHT,FNote_EN,FAppClassName,FHelpFileName,FTipID,FUpdateBaseData,FSubID,FIsEdit,FSubSystemID,FShowSysType,FUrl,FUrlType) values (80202,'精品配件库存','精品配件库存','精品配件库存',802,'K3BOSActive.Application',2,1,',1,',0,null,null,null,null,null,0,0,'',0,80202,1,'','');
delete t_DataFlowSubSystem where FSubSysID=80203
Insert into t_DataFlowSubSystem(FSubSysID,FName,FName_CHT,FName_EN,FTopClassID,FClassName,FIndex,FVisible,FAcctType,FRefresh,FNote,FNote_CHT,FNote_EN,FAppClassName,FHelpFileName,FTipID,FUpdateBaseData,FSubID,FIsEdit,FSubSystemID,FShowSysType,FUrl,FUrlType) values (80203,'精品配件销售','精品配件销售','精品配件销售',802,'K3BOSActive.Application',3,1,',1,',0,null,null,null,null,null,0,0,'',0,80203,1,'','');
delete t_DataFlowSubSystem where FSubSysID=80204
Insert into t_DataFlowSubSystem(FSubSysID,FName,FName_CHT,FName_EN,FTopClassID,FClassName,FIndex,FVisible,FAcctType,FRefresh,FNote,FNote_CHT,FNote_EN,FAppClassName,FHelpFileName,FTipID,FUpdateBaseData,FSubID,FIsEdit,FSubSystemID,FShowSysType,FUrl,FUrlType) values (80204,'精品配件存货核算','精品配件存货核算','精品配件存货核算',802,'K3BOSActive.Application',4,1,',1,',0,null,null,null,null,null,0,0,'',0,80204,1,'','');
delete t_DataFlowSubSystem where FSubSysID=80301
Insert into t_DataFlowSubSystem(FSubSysID,FName,FName_CHT,FName_EN,FTopClassID,FClassName,FIndex,FVisible,FAcctType,FRefresh,FNote,FNote_CHT,FNote_EN,FAppClassName,FHelpFileName,FTipID,FUpdateBaseData,FSubID,FIsEdit,FSubSystemID,FShowSysType,FUrl,FUrlType) values (80301,'增值业务','增值业务','增值业务',803,'K3BOSActive.Application',1,1,',1,',0,null,null,null,null,null,0,0,'',0,80301,1,'','');
delete t_DataFlowSubSystem where FSubSysID=80401
Insert into t_DataFlowSubSystem(FSubSysID,FName,FName_CHT,FName_EN,FTopClassID,FClassName,FIndex,FVisible,FAcctType,FRefresh,FNote,FNote_CHT,FNote_EN,FAppClassName,FHelpFileName,FTipID,FUpdateBaseData,FSubID,FIsEdit,FSubSystemID,FShowSysType,FUrl,FUrlType) values (80401,'维修管理','维修管理','维修管理',804,'K3BOSActive.Application',1,1,',1,',0,null,null,null,null,null,0,0,'',0,80401,1,'','');
delete t_DataFlowSubSystem where FSubSysID=80501
Insert into t_DataFlowSubSystem(FSubSysID,FName,FName_CHT,FName_EN,FTopClassID,FClassName,FIndex,FVisible,FAcctType,FRefresh,FNote,FNote_CHT,FNote_EN,FAppClassName,FHelpFileName,FTipID,FUpdateBaseData,FSubID,FIsEdit,FSubSystemID,FShowSysType,FUrl,FUrlType) values (80501,'客服管理','客服管理','客服管理',805,'K3BOSActive.Application',1,1,',1,',0,null,null,null,null,null,0,0,'',0,80501,1,'','');
delete t_DataFlowSubFunc where FSubFuncID=800000
Insert into t_DataFlowSubFunc(FSubFuncID,FSubSysID,FIndex,FFuncName,FFuncName_CHT,FFuncName_EN,FClassName,FClassParam,FVisible,FAcctType,FFuncType,FRefresh,FSetEnable,FSubID,FIsEdit,FShowSysType,FUrl,FUrlType) values (800000,8000,1,'公共资料','公共资料','公共资料','','',1,'',0,0,0,null,1,1,'','');
delete t_DataFlowSubFunc where FSubFuncID=800001
Insert into t_DataFlowSubFunc(FSubFuncID,FSubSysID,FIndex,FFuncName,FFuncName_CHT,FFuncName_EN,FClassName,FClassParam,FVisible,FAcctType,FFuncType,FRefresh,FSetEnable,FSubID,FIsEdit,FShowSysType,FUrl,FUrlType) values (800001,8000,2,'购车意向管理','购车意向管理','购车意向管理','','',1,'',0,0,0,null,1,1,'','');
delete t_DataFlowSubFunc where FSubFuncID=800002
Insert into t_DataFlowSubFunc(FSubFuncID,FSubSysID,FIndex,FFuncName,FFuncName_CHT,FFuncName_EN,FClassName,FClassParam,FVisible,FAcctType,FFuncType,FRefresh,FSetEnable,FSubID,FIsEdit,FShowSysType,FUrl,FUrlType) values (800002,8000,3,'整车管理','整车管理','整车管理','','',1,'',0,0,0,null,1,1,'','');
delete t_DataFlowSubFunc where FSubFuncID=800003
Insert into t_DataFlowSubFunc(FSubFuncID,FSubSysID,FIndex,FFuncName,FFuncName_CHT,FFuncName_EN,FClassName,FClassParam,FVisible,FAcctType,FFuncType,FRefresh,FSetEnable,FSubID,FIsEdit,FShowSysType,FUrl,FUrlType) values (800003,8000,4,'增值业务管理','增值业务管理','增值业务管理','','',1,'',0,0,0,null,1,1,'','');
delete t_DataFlowSubFunc where FSubFuncID=800004
Insert into t_DataFlowSubFunc(FSubFuncID,FSubSysID,FIndex,FFuncName,FFuncName_CHT,FFuncName_EN,FClassName,FClassParam,FVisible,FAcctType,FFuncType,FRefresh,FSetEnable,FSubID,FIsEdit,FShowSysType,FUrl,FUrlType) values (800004,8000,5,'精品配件管理','精品配件管理','精品配件管理','','',1,'',0,0,0,null,1,1,'','');
delete t_DataFlowSubFunc where FSubFuncID=800005
Insert into t_DataFlowSubFunc(FSubFuncID,FSubSysID,FIndex,FFuncName,FFuncName_CHT,FFuncName_EN,FClassName,FClassParam,FVisible,FAcctType,FFuncType,FRefresh,FSetEnable,FSubID,FIsEdit,FShowSysType,FUrl,FUrlType) values (800005,8000,6,'维修管理','维修管理','维修管理','','',1,'',0,0,0,null,1,1,'','');
delete t_DataFlowSubFunc where FSubFuncID=800006
Insert into t_DataFlowSubFunc(FSubFuncID,FSubSysID,FIndex,FFuncName,FFuncName_CHT,FFuncName_EN,FClassName,FClassParam,FVisible,FAcctType,FFuncType,FRefresh,FSetEnable,FSubID,FIsEdit,FShowSysType,FUrl,FUrlType) values (800006,8000,7,'客户管理','客户管理','客户管理','','',1,'',0,0,0,null,1,1,'','');
delete t_DataFlowSubFunc where FSubFuncID=800100
Insert into t_DataFlowSubFunc(FSubFuncID,FSubSysID,FIndex,FFuncName,FFuncName_CHT,FFuncName_EN,FClassName,FClassParam,FVisible,FAcctType,FFuncType,FRefresh,FSetEnable,FSubID,FIsEdit,FShowSysType,FUrl,FUrlType) values (800100,8001,1,'车型物料配置','车型物料配置','车型物料配置','','',1,'',0,0,0,null,1,1,'','');
delete t_DataFlowSubFunc where FSubFuncID=800101
Insert into t_DataFlowSubFunc(FSubFuncID,FSubSysID,FIndex,FFuncName,FFuncName_CHT,FFuncName_EN,FClassName,FClassParam,FVisible,FAcctType,FFuncType,FRefresh,FSetEnable,FSubID,FIsEdit,FShowSysType,FUrl,FUrlType) values (800101,8001,99,'汽车4S注册信息','汽车4S注册信息','汽车4S注册信息','','',1,'',0,0,0,null,1,1,'','');
delete t_DataFlowSubFunc where FSubFuncID=801100
Insert into t_DataFlowSubFunc(FSubFuncID,FSubSysID,FIndex,FFuncName,FFuncName_CHT,FFuncName_EN,FClassName,FClassParam,FVisible,FAcctType,FFuncType,FRefresh,FSetEnable,FSubID,FIsEdit,FShowSysType,FUrl,FUrlType) values (801100,8011,3,'采购订单','采购订单','采购订单','','',1,'',0,0,0,null,0,1,'','');
delete t_DataFlowSubFunc where FSubFuncID=801101
Insert into t_DataFlowSubFunc(FSubFuncID,FSubSysID,FIndex,FFuncName,FFuncName_CHT,FFuncName_EN,FClassName,FClassParam,FVisible,FAcctType,FFuncType,FRefresh,FSetEnable,FSubID,FIsEdit,FShowSysType,FUrl,FUrlType) values (801101,8011,4,'采购验收','采购验收','采购验收','','',1,'',0,0,0,null,0,1,'','');
delete t_DataFlowSubFunc where FSubFuncID=801102
Insert into t_DataFlowSubFunc(FSubFuncID,FSubSysID,FIndex,FFuncName,FFuncName_CHT,FFuncName_EN,FClassName,FClassParam,FVisible,FAcctType,FFuncType,FRefresh,FSetEnable,FSubID,FIsEdit,FShowSysType,FUrl,FUrlType) values (801102,8011,2,'采购计划','采购计划','采购计划','','',1,'',0,0,0,null,0,1,'','');
delete t_DataFlowSubFunc where FSubFuncID=801103
Insert into t_DataFlowSubFunc(FSubFuncID,FSubSysID,FIndex,FFuncName,FFuncName_CHT,FFuncName_EN,FClassName,FClassParam,FVisible,FAcctType,FFuncType,FRefresh,FSetEnable,FSubID,FIsEdit,FShowSysType,FUrl,FUrlType) values (801103,8011,1,'采购月预测','采购月预测','采购月预测','','',1,'',0,0,0,null,0,1,'','');
delete t_DataFlowSubFunc where FSubFuncID=801200
Insert into t_DataFlowSubFunc(FSubFuncID,FSubSysID,FIndex,FFuncName,FFuncName_CHT,FFuncName_EN,FClassName,FClassParam,FVisible,FAcctType,FFuncType,FRefresh,FSetEnable,FSubID,FIsEdit,FShowSysType,FUrl,FUrlType) values (801200,8012,1,'入库业务','入库业务','入库业务','','',1,'',0,0,0,null,0,1,'','');
delete t_DataFlowSubFunc where FSubFuncID=801201
Insert into t_DataFlowSubFunc(FSubFuncID,FSubSysID,FIndex,FFuncName,FFuncName_CHT,FFuncName_EN,FClassName,FClassParam,FVisible,FAcctType,FFuncType,FRefresh,FSetEnable,FSubID,FIsEdit,FShowSysType,FUrl,FUrlType) values (801201,8012,2,'出库业务','出库业务','出库业务','','',1,'',0,0,0,null,0,1,'','');
delete t_DataFlowSubFunc where FSubFuncID=801202
Insert into t_DataFlowSubFunc(FSubFuncID,FSubSysID,FIndex,FFuncName,FFuncName_CHT,FFuncName_EN,FClassName,FClassParam,FVisible,FAcctType,FFuncType,FRefresh,FSetEnable,FSubID,FIsEdit,FShowSysType,FUrl,FUrlType) values (801202,8012,3,'库存管理','库存管理','库存管理','','',1,'',0,0,0,null,0,1,'','');
delete t_DataFlowSubFunc where FSubFuncID=801203
Insert into t_DataFlowSubFunc(FSubFuncID,FSubSysID,FIndex,FFuncName,FFuncName_CHT,FFuncName_EN,FClassName,FClassParam,FVisible,FAcctType,FFuncType,FRefresh,FSetEnable,FSubID,FIsEdit,FShowSysType,FUrl,FUrlType) values (801203,8012,4,'调拨移库业务','调拨移库业务','调拨移库业务','','',1,'',0,0,0,null,0,1,'','');
delete t_DataFlowSubFunc where FSubFuncID=801204
Insert into t_DataFlowSubFunc(FSubFuncID,FSubSysID,FIndex,FFuncName,FFuncName_CHT,FFuncName_EN,FClassName,FClassParam,FVisible,FAcctType,FFuncType,FRefresh,FSetEnable,FSubID,FIsEdit,FShowSysType,FUrl,FUrlType) values (801204,8012,5,'虚仓管理','虚仓管理','虚仓管理','','',1,'',0,0,0,null,0,1,'','');
delete t_DataFlowSubFunc where FSubFuncID=801300
Insert into t_DataFlowSubFunc(FSubFuncID,FSubSysID,FIndex,FFuncName,FFuncName_CHT,FFuncName_EN,FClassName,FClassParam,FVisible,FAcctType,FFuncType,FRefresh,FSetEnable,FSubID,FIsEdit,FShowSysType,FUrl,FUrlType) values (801300,8013,1,'整车销售订单','整车销售订单','整车销售订单','','',1,'',0,0,0,null,0,1,'','');
delete t_DataFlowSubFunc where FSubFuncID=801301
Insert into t_DataFlowSubFunc(FSubFuncID,FSubSysID,FIndex,FFuncName,FFuncName_CHT,FFuncName_EN,FClassName,FClassParam,FVisible,FAcctType,FFuncType,FRefresh,FSetEnable,FSubID,FIsEdit,FShowSysType,FUrl,FUrlType) values (801301,8013,2,'交车单','整车销售订单','交车单','','',1,'',0,0,0,null,0,1,'','');
delete t_DataFlowSubFunc where FSubFuncID=801302
Insert into t_DataFlowSubFunc(FSubFuncID,FSubSysID,FIndex,FFuncName,FFuncName_CHT,FFuncName_EN,FClassName,FClassParam,FVisible,FAcctType,FFuncType,FRefresh,FSetEnable,FSubID,FIsEdit,FShowSysType,FUrl,FUrlType) values (801302,8013,3,'整车价格管理','整车价格管理','整车价格管理','','',1,'',0,0,0,null,0,1,'','');
delete t_DataFlowSubFunc where FSubFuncID=801401
Insert into t_DataFlowSubFunc(FSubFuncID,FSubSysID,FIndex,FFuncName,FFuncName_CHT,FFuncName_EN,FClassName,FClassParam,FVisible,FAcctType,FFuncType,FRefresh,FSetEnable,FSubID,FIsEdit,FShowSysType,FUrl,FUrlType) values (801401,8014,1,'整车采购报表','整车库存报表','整车库存报表','','',1,'',0,0,0,null,1,1,'','');
delete t_DataFlowSubFunc where FSubFuncID=801402
Insert into t_DataFlowSubFunc(FSubFuncID,FSubSysID,FIndex,FFuncName,FFuncName_CHT,FFuncName_EN,FClassName,FClassParam,FVisible,FAcctType,FFuncType,FRefresh,FSetEnable,FSubID,FIsEdit,FShowSysType,FUrl,FUrlType) values (801402,8014,2,'整车销售报表','整车库存报表','整车库存报表','','',1,'',0,0,0,null,1,1,'','');
delete t_DataFlowSubFunc where FSubFuncID=801403
Insert into t_DataFlowSubFunc(FSubFuncID,FSubSysID,FIndex,FFuncName,FFuncName_CHT,FFuncName_EN,FClassName,FClassParam,FVisible,FAcctType,FFuncType,FRefresh,FSetEnable,FSubID,FIsEdit,FShowSysType,FUrl,FUrlType) values (801403,8014,3,'整车库存报表','整车库存报表','整车库存报表','','',1,'',0,0,0,null,1,1,'','');
delete t_DataFlowSubFunc where FSubFuncID=8020101
Insert into t_DataFlowSubFunc(FSubFuncID,FSubSysID,FIndex,FFuncName,FFuncName_CHT,FFuncName_EN,FClassName,FClassParam,FVisible,FAcctType,FFuncType,FRefresh,FSetEnable,FSubID,FIsEdit,FShowSysType,FUrl,FUrlType) values (8020101,80201,1,'采购业务','采购业务','采购业务','','',1,'',0,0,0,null,0,1,'','');
delete t_DataFlowSubFunc where FSubFuncID=8020102
Insert into t_DataFlowSubFunc(FSubFuncID,FSubSysID,FIndex,FFuncName,FFuncName_CHT,FFuncName_EN,FClassName,FClassParam,FVisible,FAcctType,FFuncType,FRefresh,FSetEnable,FSubID,FIsEdit,FShowSysType,FUrl,FUrlType) values (8020102,80201,2,'报表分析','报表分析','采购业务','','',1,'',0,0,0,null,0,1,'','');
delete t_DataFlowSubFunc where FSubFuncID=8020201
Insert into t_DataFlowSubFunc(FSubFuncID,FSubSysID,FIndex,FFuncName,FFuncName_CHT,FFuncName_EN,FClassName,FClassParam,FVisible,FAcctType,FFuncType,FRefresh,FSetEnable,FSubID,FIsEdit,FShowSysType,FUrl,FUrlType) values (8020201,80202,1,'入库业务','入库业务','入库业务','','',1,'',0,0,0,null,0,1,'','');
delete t_DataFlowSubFunc where FSubFuncID=8020202
Insert into t_DataFlowSubFunc(FSubFuncID,FSubSysID,FIndex,FFuncName,FFuncName_CHT,FFuncName_EN,FClassName,FClassParam,FVisible,FAcctType,FFuncType,FRefresh,FSetEnable,FSubID,FIsEdit,FShowSysType,FUrl,FUrlType) values (8020202,80202,2,'出库业务','出库业务','出库业务','','',1,'',0,0,0,null,0,1,'','');
delete t_DataFlowSubFunc where FSubFuncID=8020203
Insert into t_DataFlowSubFunc(FSubFuncID,FSubSysID,FIndex,FFuncName,FFuncName_CHT,FFuncName_EN,FClassName,FClassParam,FVisible,FAcctType,FFuncType,FRefresh,FSetEnable,FSubID,FIsEdit,FShowSysType,FUrl,FUrlType) values (8020203,80202,3,'调拨移库业务','调拨移库业务','调拨移库业务','','',1,'',0,0,0,null,0,1,'','');
delete t_DataFlowSubFunc where FSubFuncID=8020204
Insert into t_DataFlowSubFunc(FSubFuncID,FSubSysID,FIndex,FFuncName,FFuncName_CHT,FFuncName_EN,FClassName,FClassParam,FVisible,FAcctType,FFuncType,FRefresh,FSetEnable,FSubID,FIsEdit,FShowSysType,FUrl,FUrlType) values (8020204,80202,4,'库存盘点','库存盘点','库存盘点','','',1,'',0,0,0,null,0,1,'','');
delete t_DataFlowSubFunc where FSubFuncID=8020205
Insert into t_DataFlowSubFunc(FSubFuncID,FSubSysID,FIndex,FFuncName,FFuncName_CHT,FFuncName_EN,FClassName,FClassParam,FVisible,FAcctType,FFuncType,FRefresh,FSetEnable,FSubID,FIsEdit,FShowSysType,FUrl,FUrlType) values (8020205,80202,5,'库存查询','库存查询','库存查询','','',1,'',0,0,0,null,0,1,'','');
delete t_DataFlowSubFunc where FSubFuncID=8020206
Insert into t_DataFlowSubFunc(FSubFuncID,FSubSysID,FIndex,FFuncName,FFuncName_CHT,FFuncName_EN,FClassName,FClassParam,FVisible,FAcctType,FFuncType,FRefresh,FSetEnable,FSubID,FIsEdit,FShowSysType,FUrl,FUrlType) values (8020206,80202,6,'报表分析','报表分析','报表分析','','',1,'',0,0,0,null,0,1,'','');
delete t_DataFlowSubFunc where FSubFuncID=8020301
Insert into t_DataFlowSubFunc(FSubFuncID,FSubSysID,FIndex,FFuncName,FFuncName_CHT,FFuncName_EN,FClassName,FClassParam,FVisible,FAcctType,FFuncType,FRefresh,FSetEnable,FSubID,FIsEdit,FShowSysType,FUrl,FUrlType) values (8020301,80203,1,'销售业务','销售业务','销售业务','','',1,'',0,0,0,null,0,1,'','');
delete t_DataFlowSubFunc where FSubFuncID=8020302
Insert into t_DataFlowSubFunc(FSubFuncID,FSubSysID,FIndex,FFuncName,FFuncName_CHT,FFuncName_EN,FClassName,FClassParam,FVisible,FAcctType,FFuncType,FRefresh,FSetEnable,FSubID,FIsEdit,FShowSysType,FUrl,FUrlType) values (8020302,80203,2,'报表分析','报表分析','报表分析','','',1,'',0,0,0,null,0,1,'','');
delete t_DataFlowSubFunc where FSubFuncID=8020401
Insert into t_DataFlowSubFunc(FSubFuncID,FSubSysID,FIndex,FFuncName,FFuncName_CHT,FFuncName_EN,FClassName,FClassParam,FVisible,FAcctType,FFuncType,FRefresh,FSetEnable,FSubID,FIsEdit,FShowSysType,FUrl,FUrlType) values (8020401,80204,1,'期初调整','期初{整','Opening Adjustment','','',1,',1,2,3,9,10,11,12,13,',-1,0,0,'hs',0,0,'','');
delete t_DataFlowSubFunc where FSubFuncID=8020402
Insert into t_DataFlowSubFunc(FSubFuncID,FSubSysID,FIndex,FFuncName,FFuncName_CHT,FFuncName_EN,FClassName,FClassParam,FVisible,FAcctType,FFuncType,FRefresh,FSetEnable,FSubID,FIsEdit,FShowSysType,FUrl,FUrlType) values (8020402,80204,2,'入库核算','入旌怂','Receipt Accounting','','',1,',1,2,3,9,10,11,12,13,',-1,0,0,'hs',0,0,'','');
delete t_DataFlowSubFunc where FSubFuncID=8020403
Insert into t_DataFlowSubFunc(FSubFuncID,FSubSysID,FIndex,FFuncName,FFuncName_CHT,FFuncName_EN,FClassName,FClassParam,FVisible,FAcctType,FFuncType,FRefresh,FSetEnable,FSubID,FIsEdit,FShowSysType,FUrl,FUrlType) values (8020403,80204,3,'出库核算','出旌怂','Delivery Accounting','','',1,',1,2,3,9,10,11,12,13,',-1,0,0,'hs',0,0,'','');
delete t_DataFlowSubFunc where FSubFuncID=8020404
Insert into t_DataFlowSubFunc(FSubFuncID,FSubSysID,FIndex,FFuncName,FFuncName_CHT,FFuncName_EN,FClassName,FClassParam,FVisible,FAcctType,FFuncType,FRefresh,FSetEnable,FSubID,FIsEdit,FShowSysType,FUrl,FUrlType) values (8020404,80204,7,'凭证管理','{C管理','Voucher Management','','',1,',1,2,3,9,10,11,12,13,',-1,0,0,'hs',0,0,'','');
delete t_DataFlowSubFunc where FSubFuncID=8020405
Insert into t_DataFlowSubFunc(FSubFuncID,FSubSysID,FIndex,FFuncName,FFuncName_CHT,FFuncName_EN,FClassName,FClassParam,FVisible,FAcctType,FFuncType,FRefresh,FSetEnable,FSubID,FIsEdit,FShowSysType,FUrl,FUrlType) values (8020405,80204,4,'计划价维护','rSo','Planned Price Maintenance','','',1,',1,2,3,9,10,11,12,13,',-1,0,0,'hs',0,0,'','');
delete t_DataFlowSubFunc where FSubFuncID=8020406
Insert into t_DataFlowSubFunc(FSubFuncID,FSubSysID,FIndex,FFuncName,FFuncName_CHT,FFuncName_EN,FClassName,FClassParam,FVisible,FAcctType,FFuncType,FRefresh,FSetEnable,FSubID,FIsEdit,FShowSysType,FUrl,FUrlType) values (8020406,80204,8,'期末处理','期末理','Closing Process','','',1,',1,2,3,9,10,11,12,13,',-1,0,0,'hs',0,0,'','');
delete t_DataFlowSubFunc where FSubFuncID=8020407
Insert into t_DataFlowSubFunc(FSubFuncID,FSubSysID,FIndex,FFuncName,FFuncName_CHT,FFuncName_EN,FClassName,FClassParam,FVisible,FAcctType,FFuncType,FRefresh,FSetEnable,FSubID,FIsEdit,FShowSysType,FUrl,FUrlType) values (8020407,80204,5,'报表分析','蟊矸治','Report Analysis','','',1,',1,2,3,9,10,11,12,13,',-1,0,0,'hs',0,0,'','');
delete t_DataFlowSubFunc where FSubFuncID=8020408
Insert into t_DataFlowSubFunc(FSubFuncID,FSubSysID,FIndex,FFuncName,FFuncName_CHT,FFuncName_EN,FClassName,FClassParam,FVisible,FAcctType,FFuncType,FRefresh,FSetEnable,FSubID,FIsEdit,FShowSysType,FUrl,FUrlType) values (8020408,80204,9,'查询分析工具','查分析工具','Query Analyzer','','',1,',1,2,3,9,10,11,12,13,',-1,0,0,'hs',0,0,'','');
delete t_DataFlowSubFunc where FSubFuncID=8020409
Insert into t_DataFlowSubFunc(FSubFuncID,FSubSysID,FIndex,FFuncName,FFuncName_CHT,FFuncName_EN,FClassName,FClassParam,FVisible,FAcctType,FFuncType,FRefresh,FSetEnable,FSubID,FIsEdit,FShowSysType,FUrl,FUrlType) values (8020409,80204,4,'无单价单据维护','orSo','Maintenance of Doc without U/P','','',1,',1,2,3,9,10,11,12,13,',-1,0,0,'hs',0,0,'','');
delete t_DataFlowSubFunc where FSubFuncID=8020410
Insert into t_DataFlowSubFunc(FSubFuncID,FSubSysID,FIndex,FFuncName,FFuncName_CHT,FFuncName_EN,FClassName,FClassParam,FVisible,FAcctType,FFuncType,FRefresh,FSetEnable,FSubID,FIsEdit,FShowSysType,FUrl,FUrlType) values (8020410,80204,6,'存货跌价准备管理','存跌r涔芾','Inventory Depreciation Reserves Management','','',1,',1,2,3,9,10,11,12,13,',-1,0,0,'hs',0,0,'','');
delete t_DataFlowSubFunc where FSubFuncID=8020411
Insert into t_DataFlowSubFunc(FSubFuncID,FSubSysID,FIndex,FFuncName,FFuncName_CHT,FFuncName_EN,FClassName,FClassParam,FVisible,FAcctType,FFuncType,FRefresh,FSetEnable,FSubID,FIsEdit,FShowSysType,FUrl,FUrlType) values (8020411,80204,10,'反结账处理','反Y~理','De-closing','','',1,',1,2,3,9,10,11,12,13,',-1,0,0,'hs',0,0,'','');
delete t_DataFlowSubFunc where FSubFuncID=8030101
Insert into t_DataFlowSubFunc(FSubFuncID,FSubSysID,FIndex,FFuncName,FFuncName_CHT,FFuncName_EN,FClassName,FClassParam,FVisible,FAcctType,FFuncType,FRefresh,FSetEnable,FSubID,FIsEdit,FShowSysType,FUrl,FUrlType) values (8030101,80301,1,'代办服务','代办服务','代办服务','','',1,'',0,0,0,null,0,1,'','');
delete t_DataFlowSubFunc where FSubFuncID=8030102
Insert into t_DataFlowSubFunc(FSubFuncID,FSubSysID,FIndex,FFuncName,FFuncName_CHT,FFuncName_EN,FClassName,FClassParam,FVisible,FAcctType,FFuncType,FRefresh,FSetEnable,FSubID,FIsEdit,FShowSysType,FUrl,FUrlType) values (8030102,80301,2,'上牌登记','上牌登记','上牌登记','','',1,'',0,0,0,null,0,1,'','');
delete t_DataFlowSubFunc where FSubFuncID=8030103
Insert into t_DataFlowSubFunc(FSubFuncID,FSubSysID,FIndex,FFuncName,FFuncName_CHT,FFuncName_EN,FClassName,FClassParam,FVisible,FAcctType,FFuncType,FRefresh,FSetEnable,FSubID,FIsEdit,FShowSysType,FUrl,FUrlType) values (8030103,80301,3,'保险登记','保险登记','保险登记','','',1,'',0,0,0,null,0,1,'','');
delete t_DataFlowSubFunc where FSubFuncID=8030104
Insert into t_DataFlowSubFunc(FSubFuncID,FSubSysID,FIndex,FFuncName,FFuncName_CHT,FFuncName_EN,FClassName,FClassParam,FVisible,FAcctType,FFuncType,FRefresh,FSetEnable,FSubID,FIsEdit,FShowSysType,FUrl,FUrlType) values (8030104,80301,4,'按揭登记','按揭登记','按揭登记','','',1,'',0,0,0,null,0,1,'','');
delete t_DataFlowSubFunc where FSubFuncID=8040101
Insert into t_DataFlowSubFunc(FSubFuncID,FSubSysID,FIndex,FFuncName,FFuncName_CHT,FFuncName_EN,FClassName,FClassParam,FVisible,FAcctType,FFuncType,FRefresh,FSetEnable,FSubID,FIsEdit,FShowSysType,FUrl,FUrlType) values (8040101,80401,1,'服务活动','服务活动','服务活动','','',1,'',0,0,0,null,0,1,'','');
delete t_DataFlowSubFunc where FSubFuncID=8040102
Insert into t_DataFlowSubFunc(FSubFuncID,FSubSysID,FIndex,FFuncName,FFuncName_CHT,FFuncName_EN,FClassName,FClassParam,FVisible,FAcctType,FFuncType,FRefresh,FSetEnable,FSubID,FIsEdit,FShowSysType,FUrl,FUrlType) values (8040102,80401,2,'维修预约','维修预约','维修预约','','',1,'',0,0,0,null,0,1,'','');
delete t_DataFlowSubFunc where FSubFuncID=8040103
Insert into t_DataFlowSubFunc(FSubFuncID,FSubSysID,FIndex,FFuncName,FFuncName_CHT,FFuncName_EN,FClassName,FClassParam,FVisible,FAcctType,FFuncType,FRefresh,FSetEnable,FSubID,FIsEdit,FShowSysType,FUrl,FUrlType) values (8040103,80401,3,'维修工单','维修工单','维修工单','','',1,'',0,0,0,null,0,1,'','');
delete t_DataFlowSubFunc where FSubFuncID=8040104
Insert into t_DataFlowSubFunc(FSubFuncID,FSubSysID,FIndex,FFuncName,FFuncName_CHT,FFuncName_EN,FClassName,FClassParam,FVisible,FAcctType,FFuncType,FRefresh,FSetEnable,FSubID,FIsEdit,FShowSysType,FUrl,FUrlType) values (8040104,80401,4,'车间管理','车间管理','车间管理','','',1,'',0,0,0,null,0,1,'','');
delete t_DataFlowSubFunc where FSubFuncID=8040105
Insert into t_DataFlowSubFunc(FSubFuncID,FSubSysID,FIndex,FFuncName,FFuncName_CHT,FFuncName_EN,FClassName,FClassParam,FVisible,FAcctType,FFuncType,FRefresh,FSetEnable,FSubID,FIsEdit,FShowSysType,FUrl,FUrlType) values (8040105,80401,5,'维修结算','维修结算','维修结算','','',1,'',0,0,0,null,0,1,'','');
delete t_DataFlowSubFunc where FSubFuncID=8040106
Insert into t_DataFlowSubFunc(FSubFuncID,FSubSysID,FIndex,FFuncName,FFuncName_CHT,FFuncName_EN,FClassName,FClassParam,FVisible,FAcctType,FFuncType,FRefresh,FSetEnable,FSubID,FIsEdit,FShowSysType,FUrl,FUrlType) values (8040106,80401,6,'理赔管理','理赔管理','理赔管理','','',1,'',0,0,0,null,0,1,'','');
delete t_DataFlowSubFunc where FSubFuncID=8040107
Insert into t_DataFlowSubFunc(FSubFuncID,FSubSysID,FIndex,FFuncName,FFuncName_CHT,FFuncName_EN,FClassName,FClassParam,FVisible,FAcctType,FFuncType,FRefresh,FSetEnable,FSubID,FIsEdit,FShowSysType,FUrl,FUrlType) values (8040107,80401,7,'索赔管理','索赔管理','索赔管理','','',1,'',0,0,0,null,0,1,'','');
delete t_DataFlowSubFunc where FSubFuncID=8050101
Insert into t_DataFlowSubFunc(FSubFuncID,FSubSysID,FIndex,FFuncName,FFuncName_CHT,FFuncName_EN,FClassName,FClassParam,FVisible,FAcctType,FFuncType,FRefresh,FSetEnable,FSubID,FIsEdit,FShowSysType,FUrl,FUrlType) values (8050101,80501,1,'回访关怀','回访关怀','回访关怀','','',1,'',0,0,0,null,0,1,'','');
delete t_DataFlowSubFunc where FSubFuncID=8050102
Insert into t_DataFlowSubFunc(FSubFuncID,FSubSysID,FIndex,FFuncName,FFuncName_CHT,FFuncName_EN,FClassName,FClassParam,FVisible,FAcctType,FFuncType,FRefresh,FSetEnable,FSubID,FIsEdit,FShowSysType,FUrl,FUrlType) values (8050102,80501,2,'提醒问候','提醒问候','提醒问候','','',1,'',0,0,0,null,0,1,'','');
delete t_DataFlowSubFunc where FSubFuncID=8050103
Insert into t_DataFlowSubFunc(FSubFuncID,FSubSysID,FIndex,FFuncName,FFuncName_CHT,FFuncName_EN,FClassName,FClassParam,FVisible,FAcctType,FFuncType,FRefresh,FSetEnable,FSubID,FIsEdit,FShowSysType,FUrl,FUrlType) values (8050103,80501,3,'投诉管理','投诉管理','投诉管理','','',1,'',0,0,0,null,0,1,'','');
delete t_DataFlowSubFunc where FSubFuncID=8050104
Insert into t_DataFlowSubFunc(FSubFuncID,FSubSysID,FIndex,FFuncName,FFuncName_CHT,FFuncName_EN,FClassName,FClassParam,FVisible,FAcctType,FFuncType,FRefresh,FSetEnable,FSubID,FIsEdit,FShowSysType,FUrl,FUrlType) values (8050104,80501,4,'满意度调查','满意度调查','满意度调查','','',1,'',0,0,0,null,0,1,'','');
delete t_DataFlowDetailFunc where FDetailFuncID=80000001
Insert into t_DataFlowDetailFunc(FDetailFuncID,FFuncName,FFuncName_CHT,FFuncName_EN,FSubFuncID,FIndex,FClassName,FClassParam,FIsNormal,FHelpCode,FVisible,FAcctType,FFuncType,FEnable,FShowName,FShowName_CHT,FShowName_EN,FIsEdit,FShowSysType,FUrl,FUrlType,FFuncType_Ex) values (80000001,'排量-维护','排量-维护','排量-维护',800000,1,'K3BOSActive.Application','Base|200000009',0,'4S001',1,'',0,1,null,null,null,1,1,'','newtab','list');
delete t_DataFlowDetailFunc where FDetailFuncID=80000002
Insert into t_DataFlowDetailFunc(FDetailFuncID,FFuncName,FFuncName_CHT,FFuncName_EN,FSubFuncID,FIndex,FClassName,FClassParam,FIsNormal,FHelpCode,FVisible,FAcctType,FFuncType,FEnable,FShowName,FShowName_CHT,FShowName_EN,FIsEdit,FShowSysType,FUrl,FUrlType,FFuncType_Ex) values (80000002,'变速箱-维护','变速箱-维护','变速箱-维护',800000,2,'K3BOSActive.Application','Base|200000012',0,'4S002',1,'',0,1,null,null,null,1,1,'','newtab','list');
delete t_DataFlowDetailFunc where FDetailFuncID=80000003
Insert into t_DataFlowDetailFunc(FDetailFuncID,FFuncName,FFuncName_CHT,FFuncName_EN,FSubFuncID,FIndex,FClassName,FClassParam,FIsNormal,FHelpCode,FVisible,FAcctType,FFuncType,FEnable,FShowName,FShowName_CHT,FShowName_EN,FIsEdit,FShowSysType,FUrl,FUrlType,FFuncType_Ex) values (80000003,'驱动形式-维护','驱动形式-维护','驱动形式-维护',800000,3,'K3BOSActive.Application','Base|200000014',0,'4S003',1,'',0,1,null,null,null,1,1,'','newtab','list');
delete t_DataFlowDetailFunc where FDetailFuncID=80000004
Insert into t_DataFlowDetailFunc(FDetailFuncID,FFuncName,FFuncName_CHT,FFuncName_EN,FSubFuncID,FIndex,FClassName,FClassParam,FIsNormal,FHelpCode,FVisible,FAcctType,FFuncType,FEnable,FShowName,FShowName_CHT,FShowName_EN,FIsEdit,FShowSysType,FUrl,FUrlType,FFuncType_Ex) values (80000004,'动力形式-维护','动力形式-维护','动力形式-维护',800000,4,'K3BOSActive.Application','Base|200000015',0,'4S004',1,'',0,1,null,null,null,1,1,'','newtab','list');
delete t_DataFlowDetailFunc where FDetailFuncID=80000005
Insert into t_DataFlowDetailFunc(FDetailFuncID,FFuncName,FFuncName_CHT,FFuncName_EN,FSubFuncID,FIndex,FClassName,FClassParam,FIsNormal,FHelpCode,FVisible,FAcctType,FFuncType,FEnable,FShowName,FShowName_CHT,FShowName_EN,FIsEdit,FShowSysType,FUrl,FUrlType,FFuncType_Ex) values (80000005,'车辆分类-维护','车辆分类-维护','车辆分类-维护',800000,5,'K3BOSActive.Application','Base|200000016',0,'4S005',1,'',0,1,null,null,null,1,1,'','newtab','list');
delete t_DataFlowDetailFunc where FDetailFuncID=80000006
Insert into t_DataFlowDetailFunc(FDetailFuncID,FFuncName,FFuncName_CHT,FFuncName_EN,FSubFuncID,FIndex,FClassName,FClassParam,FIsNormal,FHelpCode,FVisible,FAcctType,FFuncType,FEnable,FShowName,FShowName_CHT,FShowName_EN,FIsEdit,FShowSysType,FUrl,FUrlType,FFuncType_Ex) values (80000006,'品牌-维护','品牌-维护','品牌-维护',800000,6,'K3BOSActive.Application','Base|200000011',0,'4S006',1,'',0,1,null,null,null,1,1,'','newtab','list');
delete t_DataFlowDetailFunc where FDetailFuncID=80000007
Insert into t_DataFlowDetailFunc(FDetailFuncID,FFuncName,FFuncName_CHT,FFuncName_EN,FSubFuncID,FIndex,FClassName,FClassParam,FIsNormal,FHelpCode,FVisible,FAcctType,FFuncType,FEnable,FShowName,FShowName_CHT,FShowName_EN,FIsEdit,FShowSysType,FUrl,FUrlType,FFuncType_Ex) values (80000007,'车型来源-维护','车型来源-维护','车型来源-维护',800000,7,'K3BOSActive.Application','Base|200000020',0,'4S007',1,'',0,1,null,null,null,1,1,'','newtab','list');
delete t_DataFlowDetailFunc where FDetailFuncID=80000008
Insert into t_DataFlowDetailFunc(FDetailFuncID,FFuncName,FFuncName_CHT,FFuncName_EN,FSubFuncID,FIndex,FClassName,FClassParam,FIsNormal,FHelpCode,FVisible,FAcctType,FFuncType,FEnable,FShowName,FShowName_CHT,FShowName_EN,FIsEdit,FShowSysType,FUrl,FUrlType,FFuncType_Ex) values (80000008,'车系-维护','车系-维护','车系-维护',800000,8,'K3BOSActive.Application','List|200000019',0,'4S008',1,'',0,1,null,null,null,1,1,'','newtab','list');
delete t_DataFlowDetailFunc where FDetailFuncID=80000009
Insert into t_DataFlowDetailFunc(FDetailFuncID,FFuncName,FFuncName_CHT,FFuncName_EN,FSubFuncID,FIndex,FClassName,FClassParam,FIsNormal,FHelpCode,FVisible,FAcctType,FFuncType,FEnable,FShowName,FShowName_CHT,FShowName_EN,FIsEdit,FShowSysType,FUrl,FUrlType,FFuncType_Ex) values (80000009,'车型 - 维护','车型 - 维护','车型 - 维护',800000,9,'K3BOSActive.Application','List|200000021',0,'4S009',1,'',0,1,null,null,null,1,1,'','newtab','list');
delete t_DataFlowDetailFunc where FDetailFuncID=80000010
Insert into t_DataFlowDetailFunc(FDetailFuncID,FFuncName,FFuncName_CHT,FFuncName_EN,FSubFuncID,FIndex,FClassName,FClassParam,FIsNormal,FHelpCode,FVisible,FAcctType,FFuncType,FEnable,FShowName,FShowName_CHT,FShowName_EN,FIsEdit,FShowSysType,FUrl,FUrlType,FFuncType_Ex) values (80000010,'车辆档案 - 维护','车辆档案 - 维护','车辆档案 - 维护',800000,10,'K3BOSActive.Application','List|200000022',0,'4S010',1,'',0,1,null,null,null,1,1,'','newtab','list');
delete t_DataFlowDetailFunc where FDetailFuncID=80000101
Insert into t_DataFlowDetailFunc(FDetailFuncID,FFuncName,FFuncName_CHT,FFuncName_EN,FSubFuncID,FIndex,FClassName,FClassParam,FIsNormal,FHelpCode,FVisible,FAcctType,FFuncType,FEnable,FShowName,FShowName_CHT,FShowName_EN,FIsEdit,FShowSysType,FUrl,FUrlType,FFuncType_Ex) values (80000101,'购车用途-维护','购车用途-维护','购车用途-维护',800001,1,'K3BOSActive.Application','Base|200000035',0,'4S011',1,'',0,1,null,null,null,1,1,'','newtab','list');
delete t_DataFlowDetailFunc where FDetailFuncID=80000201
Insert into t_DataFlowDetailFunc(FDetailFuncID,FFuncName,FFuncName_CHT,FFuncName_EN,FSubFuncID,FIndex,FClassName,FClassParam,FIsNormal,FHelpCode,FVisible,FAcctType,FFuncType,FEnable,FShowName,FShowName_CHT,FShowName_EN,FIsEdit,FShowSysType,FUrl,FUrlType,FFuncType_Ex) values (80000201,'资金方式-维护','资金方式-维护','资金方式-维护',800002,1,'K3BOSActive.Application','Base|200000097',0,'4S012',1,'',0,1,null,null,null,1,1,'','newtab','list');
delete t_DataFlowDetailFunc where FDetailFuncID=80000301
Insert into t_DataFlowDetailFunc(FDetailFuncID,FFuncName,FFuncName_CHT,FFuncName_EN,FSubFuncID,FIndex,FClassName,FClassParam,FIsNormal,FHelpCode,FVisible,FAcctType,FFuncType,FEnable,FShowName,FShowName_CHT,FShowName_EN,FIsEdit,FShowSysType,FUrl,FUrlType,FFuncType_Ex) values (80000301,'代办项目类型-维护','代办项目类型-维护','代办项目类型-维护',800003,1,'K3BOSActive.Application','Base|200000039',0,'4S013',1,'',0,1,null,null,null,1,1,'','newtab','list');
delete t_DataFlowDetailFunc where FDetailFuncID=80000302
Insert into t_DataFlowDetailFunc(FDetailFuncID,FFuncName,FFuncName_CHT,FFuncName_EN,FSubFuncID,FIndex,FClassName,FClassParam,FIsNormal,FHelpCode,FVisible,FAcctType,FFuncType,FEnable,FShowName,FShowName_CHT,FShowName_EN,FIsEdit,FShowSysType,FUrl,FUrlType,FFuncType_Ex) values (80000302,'代办项目-维护','代办项目-维护','代办项目-维护',800003,2,'K3BOSActive.Application','Base|200000040',0,'4S014',1,'',0,1,null,null,null,1,1,'','newtab','list');
delete t_DataFlowDetailFunc where FDetailFuncID=80000303
Insert into t_DataFlowDetailFunc(FDetailFuncID,FFuncName,FFuncName_CHT,FFuncName_EN,FSubFuncID,FIndex,FClassName,FClassParam,FIsNormal,FHelpCode,FVisible,FAcctType,FFuncType,FEnable,FShowName,FShowName_CHT,FShowName_EN,FIsEdit,FShowSysType,FUrl,FUrlType,FFuncType_Ex) values (80000303,'保险险种-维护','保险险种-维护','保险险种-维护',800003,3,'K3BOSActive.Application','Base|200000041',0,'4S015',1,'',0,1,null,null,null,1,1,'','newtab','list');
delete t_DataFlowDetailFunc where FDetailFuncID=80000304
Insert into t_DataFlowDetailFunc(FDetailFuncID,FFuncName,FFuncName_CHT,FFuncName_EN,FSubFuncID,FIndex,FClassName,FClassParam,FIsNormal,FHelpCode,FVisible,FAcctType,FFuncType,FEnable,FShowName,FShowName_CHT,FShowName_EN,FIsEdit,FShowSysType,FUrl,FUrlType,FFuncType_Ex) values (80000304,'保险返还率-维护','保险返还率-维护','保险返还率-维护',800003,4,'K3BOSActive.Application','Base|200000042',0,'4S016',1,'',0,1,null,null,null,1,1,'','newtab','list');
delete t_DataFlowDetailFunc where FDetailFuncID=80000305
Insert into t_DataFlowDetailFunc(FDetailFuncID,FFuncName,FFuncName_CHT,FFuncName_EN,FSubFuncID,FIndex,FClassName,FClassParam,FIsNormal,FHelpCode,FVisible,FAcctType,FFuncType,FEnable,FShowName,FShowName_CHT,FShowName_EN,FIsEdit,FShowSysType,FUrl,FUrlType,FFuncType_Ex) values (80000305,'保险来源-维护','保险来源-维护','保险来源-维护',800003,5,'K3BOSActive.Application','Base|200000043',0,'4S017',1,'',0,1,null,null,null,1,1,'','newtab','list');
delete t_DataFlowDetailFunc where FDetailFuncID=80000306
Insert into t_DataFlowDetailFunc(FDetailFuncID,FFuncName,FFuncName_CHT,FFuncName_EN,FSubFuncID,FIndex,FClassName,FClassParam,FIsNormal,FHelpCode,FVisible,FAcctType,FFuncType,FEnable,FShowName,FShowName_CHT,FShowName_EN,FIsEdit,FShowSysType,FUrl,FUrlType,FFuncType_Ex) values (80000306,'按揭返还率-维护','按揭返还率-维护','按揭返还率-维护',800003,6,'K3BOSActive.Application','Base|200000044',0,'4S018',1,'',0,1,null,null,null,1,1,'','newtab','list');
delete t_DataFlowDetailFunc where FDetailFuncID=80000401
Insert into t_DataFlowDetailFunc(FDetailFuncID,FFuncName,FFuncName_CHT,FFuncName_EN,FSubFuncID,FIndex,FClassName,FClassParam,FIsNormal,FHelpCode,FVisible,FAcctType,FFuncType,FEnable,FShowName,FShowName_CHT,FShowName_EN,FIsEdit,FShowSysType,FUrl,FUrlType,FFuncType_Ex) values (80000401,'加装项目-维护','加装项目-维护','加装项目-维护',800004,1,'K3BOSActive.Application','Base|200000057',0,'4S019',1,'',0,1,null,null,null,1,1,'','newtab','list');
delete t_DataFlowDetailFunc where FDetailFuncID=80000501
Insert into t_DataFlowDetailFunc(FDetailFuncID,FFuncName,FFuncName_CHT,FFuncName_EN,FSubFuncID,FIndex,FClassName,FClassParam,FIsNormal,FHelpCode,FVisible,FAcctType,FFuncType,FEnable,FShowName,FShowName_CHT,FShowName_EN,FIsEdit,FShowSysType,FUrl,FUrlType,FFuncType_Ex) values (80000501,'维修类型-维护','维修类型-维护','维修类型-维护',800005,1,'K3BOSActive.Application','Base|200000049',0,'4S020',1,'',0,1,null,null,null,1,1,'','newtab','list');
delete t_DataFlowDetailFunc where FDetailFuncID=80000502
Insert into t_DataFlowDetailFunc(FDetailFuncID,FFuncName,FFuncName_CHT,FFuncName_EN,FSubFuncID,FIndex,FClassName,FClassParam,FIsNormal,FHelpCode,FVisible,FAcctType,FFuncType,FEnable,FShowName,FShowName_CHT,FShowName_EN,FIsEdit,FShowSysType,FUrl,FUrlType,FFuncType_Ex) values (80000502,'维修种类-维护','维修种类-维护','维修种类-维护',800005,2,'K3BOSActive.Application','Base|200000050',0,'4S021',1,'',0,1,null,null,null,1,1,'','newtab','list');
delete t_DataFlowDetailFunc where FDetailFuncID=80000503
Insert into t_DataFlowDetailFunc(FDetailFuncID,FFuncName,FFuncName_CHT,FFuncName_EN,FSubFuncID,FIndex,FClassName,FClassParam,FIsNormal,FHelpCode,FVisible,FAcctType,FFuncType,FEnable,FShowName,FShowName_CHT,FShowName_EN,FIsEdit,FShowSysType,FUrl,FUrlType,FFuncType_Ex) values (80000503,'保修类型-维护','保修类型-维护','保修类型-维护',800005,3,'K3BOSActive.Application','Base|200000051',0,'4S022',1,'',0,1,null,null,null,1,1,'','newtab','list');
delete t_DataFlowDetailFunc where FDetailFuncID=80000504
Insert into t_DataFlowDetailFunc(FDetailFuncID,FFuncName,FFuncName_CHT,FFuncName_EN,FSubFuncID,FIndex,FClassName,FClassParam,FIsNormal,FHelpCode,FVisible,FAcctType,FFuncType,FEnable,FShowName,FShowName_CHT,FShowName_EN,FIsEdit,FShowSysType,FUrl,FUrlType,FFuncType_Ex) values (80000504,'维修项目-维护','维修项目-维护','维修项目-维护',800005,4,'K3BOSActive.Application','List|200000052',0,'4S023',1,'',0,1,null,null,null,1,1,'','newtab','list');
delete t_DataFlowDetailFunc where FDetailFuncID=80000505
Insert into t_DataFlowDetailFunc(FDetailFuncID,FFuncName,FFuncName_CHT,FFuncName_EN,FSubFuncID,FIndex,FClassName,FClassParam,FIsNormal,FHelpCode,FVisible,FAcctType,FFuncType,FEnable,FShowName,FShowName_CHT,FShowName_EN,FIsEdit,FShowSysType,FUrl,FUrlType,FFuncType_Ex) values (80000505,'工时标准单价-维护','工时标准单价-维护','工时标准单价-维护',800005,5,'K3BOSActive.Application','Base|200000053',0,'4S024',1,'',0,1,null,null,null,1,1,'','newtab','list');
delete t_DataFlowDetailFunc where FDetailFuncID=80000506
Insert into t_DataFlowDetailFunc(FDetailFuncID,FFuncName,FFuncName_CHT,FFuncName_EN,FSubFuncID,FIndex,FClassName,FClassParam,FIsNormal,FHelpCode,FVisible,FAcctType,FFuncType,FEnable,FShowName,FShowName_CHT,FShowName_EN,FIsEdit,FShowSysType,FUrl,FUrlType,FFuncType_Ex) values (80000506,'维修班组 - 维护','维修班组 - 维护','维修班组 - 维护',800005,6,'K3BOSActive.Application','XXXXX',0,'4S025',1,'',0,1,null,null,null,1,1,'','newtab','list');
delete t_DataFlowDetailFunc where FDetailFuncID=80000507
Insert into t_DataFlowDetailFunc(FDetailFuncID,FFuncName,FFuncName_CHT,FFuncName_EN,FSubFuncID,FIndex,FClassName,FClassParam,FIsNormal,FHelpCode,FVisible,FAcctType,FFuncType,FEnable,FShowName,FShowName_CHT,FShowName_EN,FIsEdit,FShowSysType,FUrl,FUrlType,FFuncType_Ex) values (80000507,'工位 - 维护','工位 - 维护','工位 - 维护',800005,7,'K3BOSActive.Application','Base|200000072',0,'4S026',1,'',0,1,null,null,null,1,1,'','newtab','list');
delete t_DataFlowDetailFunc where FDetailFuncID=80000508
Insert into t_DataFlowDetailFunc(FDetailFuncID,FFuncName,FFuncName_CHT,FFuncName_EN,FSubFuncID,FIndex,FClassName,FClassParam,FIsNormal,FHelpCode,FVisible,FAcctType,FFuncType,FEnable,FShowName,FShowName_CHT,FShowName_EN,FIsEdit,FShowSysType,FUrl,FUrlType,FFuncType_Ex) values (80000508,'返修原因 - 维护','返修原因 - 维护','返修原因 - 维护',800005,8,'K3BOSActive.Application','XXXXX',0,'4S027',1,'',0,1,null,null,null,1,1,'','newtab','list');
delete t_DataFlowDetailFunc where FDetailFuncID=80000509
Insert into t_DataFlowDetailFunc(FDetailFuncID,FFuncName,FFuncName_CHT,FFuncName_EN,FSubFuncID,FIndex,FClassName,FClassParam,FIsNormal,FHelpCode,FVisible,FAcctType,FFuncType,FEnable,FShowName,FShowName_CHT,FShowName_EN,FIsEdit,FShowSysType,FUrl,FUrlType,FFuncType_Ex) values (80000509,'中断类型 - 维护','中断类型 - 维护','中断类型 - 维护',800005,9,'K3BOSActive.Application','Base|200000073',0,'4S028',1,'',0,1,null,null,null,1,1,'','newtab','list');
delete t_DataFlowDetailFunc where FDetailFuncID=80000510
Insert into t_DataFlowDetailFunc(FDetailFuncID,FFuncName,FFuncName_CHT,FFuncName_EN,FSubFuncID,FIndex,FClassName,FClassParam,FIsNormal,FHelpCode,FVisible,FAcctType,FFuncType,FEnable,FShowName,FShowName_CHT,FShowName_EN,FIsEdit,FShowSysType,FUrl,FUrlType,FFuncType_Ex) values (80000510,'附加项目 - 维护','附加项目 - 维护','附加项目 - 维护',800005,10,'K3BOSActive.Application','Base|200000070',0,'4S029',1,'',0,1,null,null,null,1,1,'','newtab','list');
delete t_DataFlowDetailFunc where FDetailFuncID=80000511
Insert into t_DataFlowDetailFunc(FDetailFuncID,FFuncName,FFuncName_CHT,FFuncName_EN,FSubFuncID,FIndex,FClassName,FClassParam,FIsNormal,FHelpCode,FVisible,FAcctType,FFuncType,FEnable,FShowName,FShowName_CHT,FShowName_EN,FIsEdit,FShowSysType,FUrl,FUrlType,FFuncType_Ex) values (80000511,'维修套餐 - 维护','维修套餐 - 维护','维修套餐 - 维护',800005,11,'K3BOSActive.Application','XXXXX',0,'4S030',1,'',0,1,null,null,null,1,1,'','newtab','list');
delete t_DataFlowDetailFunc where FDetailFuncID=80000512
Insert into t_DataFlowDetailFunc(FDetailFuncID,FFuncName,FFuncName_CHT,FFuncName_EN,FSubFuncID,FIndex,FClassName,FClassParam,FIsNormal,FHelpCode,FVisible,FAcctType,FFuncType,FEnable,FShowName,FShowName_CHT,FShowName_EN,FIsEdit,FShowSysType,FUrl,FUrlType,FFuncType_Ex) values (80000512,'流失原因 - 维护','流失原因 - 维护','流失原因 - 维护',800005,12,'K3BOSActive.Application','XXXXX',0,'4S031',1,'',0,1,null,null,null,1,1,'','newtab','list');
delete t_DataFlowDetailFunc where FDetailFuncID=80000513
Insert into t_DataFlowDetailFunc(FDetailFuncID,FFuncName,FFuncName_CHT,FFuncName_EN,FSubFuncID,FIndex,FClassName,FClassParam,FIsNormal,FHelpCode,FVisible,FAcctType,FFuncType,FEnable,FShowName,FShowName_CHT,FShowName_EN,FIsEdit,FShowSysType,FUrl,FUrlType,FFuncType_Ex) values (80000513,'预约取消原因 - 维护','预约取消原因 - 维护','预约取消原因 - 维护',800005,13,'K3BOSActive.Application','XXXXX',0,'4S032',1,'',0,1,null,null,null,1,1,'','newtab','list');
delete t_DataFlowDetailFunc where FDetailFuncID=80000514
Insert into t_DataFlowDetailFunc(FDetailFuncID,FFuncName,FFuncName_CHT,FFuncName_EN,FSubFuncID,FIndex,FClassName,FClassParam,FIsNormal,FHelpCode,FVisible,FAcctType,FFuncType,FEnable,FShowName,FShowName_CHT,FShowName_EN,FIsEdit,FShowSysType,FUrl,FUrlType,FFuncType_Ex) values (80000514,'保养提醒规则 - 维护','保养提醒规则 - 维护','保养提醒规则 - 维护',800005,14,'K3BOSActive.Application','XXXXX',0,'4S033',1,'',0,1,null,null,null,1,1,'','newtab','list');
delete t_DataFlowDetailFunc where FDetailFuncID=80000515
Insert into t_DataFlowDetailFunc(FDetailFuncID,FFuncName,FFuncName_CHT,FFuncName_EN,FSubFuncID,FIndex,FClassName,FClassParam,FIsNormal,FHelpCode,FVisible,FAcctType,FFuncType,FEnable,FShowName,FShowName_CHT,FShowName_EN,FIsEdit,FShowSysType,FUrl,FUrlType,FFuncType_Ex) values (80000515,'付费类别 - 维护','付费类别 - 维护','付费类别 - 维护',800005,15,'K3BOSActive.Application','Base|200000063',0,'4S034',1,'',0,1,null,null,null,1,1,'','newtab','list');
delete t_DataFlowDetailFunc where FDetailFuncID=80000601
Insert into t_DataFlowDetailFunc(FDetailFuncID,FFuncName,FFuncName_CHT,FFuncName_EN,FSubFuncID,FIndex,FClassName,FClassParam,FIsNormal,FHelpCode,FVisible,FAcctType,FFuncType,FEnable,FShowName,FShowName_CHT,FShowName_EN,FIsEdit,FShowSysType,FUrl,FUrlType,FFuncType_Ex) values (80000601,'客户满意度 - 维护','客户关怀规则 - 维护','客户关怀规则 - 维护',800006,1,'K3BOSActive.Application','Base|200000079',0,'4S035',1,'',0,1,null,null,null,1,1,'','newtab','list');
delete t_DataFlowDetailFunc where FDetailFuncID=80000602
Insert into t_DataFlowDetailFunc(FDetailFuncID,FFuncName,FFuncName_CHT,FFuncName_EN,FSubFuncID,FIndex,FClassName,FClassParam,FIsNormal,FHelpCode,FVisible,FAcctType,FFuncType,FEnable,FShowName,FShowName_CHT,FShowName_EN,FIsEdit,FShowSysType,FUrl,FUrlType,FFuncType_Ex) values (80000602,'回访抽查结果 - 维护','回访抽查结果 - 维护','回访抽查结果 - 维护',800006,2,'K3BOSActive.Application','XXXXX',0,'4S036',1,'',0,1,null,null,null,1,1,'','newtab','list');
delete t_DataFlowDetailFunc where FDetailFuncID=80000603
Insert into t_DataFlowDetailFunc(FDetailFuncID,FFuncName,FFuncName_CHT,FFuncName_EN,FSubFuncID,FIndex,FClassName,FClassParam,FIsNormal,FHelpCode,FVisible,FAcctType,FFuncType,FEnable,FShowName,FShowName_CHT,FShowName_EN,FIsEdit,FShowSysType,FUrl,FUrlType,FFuncType_Ex) values (80000603,'回访不成功原因 - 维护','回访不成功原因 - 维护','回访不成功原因 - 维护',800006,3,'K3BOSActive.Application','Base|200000078',0,'4S037',1,'',0,1,null,null,null,1,1,'','newtab','list');
delete t_DataFlowDetailFunc where FDetailFuncID=80000604
Insert into t_DataFlowDetailFunc(FDetailFuncID,FFuncName,FFuncName_CHT,FFuncName_EN,FSubFuncID,FIndex,FClassName,FClassParam,FIsNormal,FHelpCode,FVisible,FAcctType,FFuncType,FEnable,FShowName,FShowName_CHT,FShowName_EN,FIsEdit,FShowSysType,FUrl,FUrlType,FFuncType_Ex) values (80000604,'短信账号设置 - 维护','短信账号设置 - 维护','短信账号设置 - 维护',800006,4,'K3BOSActive.Application','XXXXX',0,'4S038',1,'',0,1,null,null,null,1,1,'','newtab','list');
delete t_DataFlowDetailFunc where FDetailFuncID=80000605
Insert into t_DataFlowDetailFunc(FDetailFuncID,FFuncName,FFuncName_CHT,FFuncName_EN,FSubFuncID,FIndex,FClassName,FClassParam,FIsNormal,FHelpCode,FVisible,FAcctType,FFuncType,FEnable,FShowName,FShowName_CHT,FShowName_EN,FIsEdit,FShowSysType,FUrl,FUrlType,FFuncType_Ex) values (80000605,'短信内容模板 - 维护','短信内容模板 - 维护','短信内容模板 - 维护',800006,5,'K3BOSActive.Application','XXXXX',0,'4S039',1,'',0,1,null,null,null,1,1,'','newtab','list');
delete t_DataFlowDetailFunc where FDetailFuncID=80000606
Insert into t_DataFlowDetailFunc(FDetailFuncID,FFuncName,FFuncName_CHT,FFuncName_EN,FSubFuncID,FIndex,FClassName,FClassParam,FIsNormal,FHelpCode,FVisible,FAcctType,FFuncType,FEnable,FShowName,FShowName_CHT,FShowName_EN,FIsEdit,FShowSysType,FUrl,FUrlType,FFuncType_Ex) values (80000606,'满意度问题分类 - 维护','满意度问题分类 - 维护','满意度问题分类 - 维护',800006,6,'K3BOSActive.Application','Base|200000093',0,'4S040',1,'',0,1,null,null,null,1,1,'','newtab','list');
delete t_DataFlowDetailFunc where FDetailFuncID=80000607
Insert into t_DataFlowDetailFunc(FDetailFuncID,FFuncName,FFuncName_CHT,FFuncName_EN,FSubFuncID,FIndex,FClassName,FClassParam,FIsNormal,FHelpCode,FVisible,FAcctType,FFuncType,FEnable,FShowName,FShowName_CHT,FShowName_EN,FIsEdit,FShowSysType,FUrl,FUrlType,FFuncType_Ex) values (80000607,'满意度调查方案类型 - 维护','满意度调查方案类型 - 维护','满意度调查方案类型 - 维护',800006,7,'K3BOSActive.Application','Base|200000092',0,'4S041',1,'',0,1,null,null,null,1,1,'','newtab','list');
delete t_DataFlowDetailFunc where FDetailFuncID=80000608
Insert into t_DataFlowDetailFunc(FDetailFuncID,FFuncName,FFuncName_CHT,FFuncName_EN,FSubFuncID,FIndex,FClassName,FClassParam,FIsNormal,FHelpCode,FVisible,FAcctType,FFuncType,FEnable,FShowName,FShowName_CHT,FShowName_EN,FIsEdit,FShowSysType,FUrl,FUrlType,FFuncType_Ex) values (80000608,'满意度调查结果 - 维护','满意度调查结果 - 维护','满意度调查结果 - 维护',800006,8,'K3BOSActive.Application','XXXXX',0,'4S042',1,'',0,1,null,null,null,1,1,'','newtab','list');
delete t_DataFlowDetailFunc where FDetailFuncID=80000609
Insert into t_DataFlowDetailFunc(FDetailFuncID,FFuncName,FFuncName_CHT,FFuncName_EN,FSubFuncID,FIndex,FClassName,FClassParam,FIsNormal,FHelpCode,FVisible,FAcctType,FFuncType,FEnable,FShowName,FShowName_CHT,FShowName_EN,FIsEdit,FShowSysType,FUrl,FUrlType,FFuncType_Ex) values (80000609,'投诉性质 - 维护','投诉性质 - 维护','投诉性质 - 维护',800006,9,'K3BOSActive.Application','Base|200000090',0,'4S043',1,'',0,1,null,null,null,1,1,'','newtab','list');
delete t_DataFlowDetailFunc where FDetailFuncID=80000610
Insert into t_DataFlowDetailFunc(FDetailFuncID,FFuncName,FFuncName_CHT,FFuncName_EN,FSubFuncID,FIndex,FClassName,FClassParam,FIsNormal,FHelpCode,FVisible,FAcctType,FFuncType,FEnable,FShowName,FShowName_CHT,FShowName_EN,FIsEdit,FShowSysType,FUrl,FUrlType,FFuncType_Ex) values (80000610,'投诉类型 - 维护','投诉类型 - 维护','投诉类型 - 维护',800006,10,'K3BOSActive.Application','Base|200000089',0,'4S044',1,'',0,1,null,null,null,1,1,'','newtab','list');
delete t_DataFlowDetailFunc where FDetailFuncID=80000611
Insert into t_DataFlowDetailFunc(FDetailFuncID,FFuncName,FFuncName_CHT,FFuncName_EN,FSubFuncID,FIndex,FClassName,FClassParam,FIsNormal,FHelpCode,FVisible,FAcctType,FFuncType,FEnable,FShowName,FShowName_CHT,FShowName_EN,FIsEdit,FShowSysType,FUrl,FUrlType,FFuncType_Ex) values (80000611,'客户个性类型 - 维护','客户个性类型 - 维护','客户个性类型 - 维护',800006,11,'K3BOSActive.Application','XXXXX',0,'4S045',1,'',0,1,null,null,null,1,1,'','newtab','list');
delete t_DataFlowDetailFunc where FDetailFuncID=80000612
Insert into t_DataFlowDetailFunc(FDetailFuncID,FFuncName,FFuncName_CHT,FFuncName_EN,FSubFuncID,FIndex,FClassName,FClassParam,FIsNormal,FHelpCode,FVisible,FAcctType,FFuncType,FEnable,FShowName,FShowName_CHT,FShowName_EN,FIsEdit,FShowSysType,FUrl,FUrlType,FFuncType_Ex) values (80000612,'流失区间定义 - 维护','流失区间定义 - 维护','流失区间定义 - 维护',800006,12,'K3BOSActive.Application','XXXXX',0,'4S046',1,'',0,1,null,null,null,1,1,'','newtab','list');
delete t_DataFlowDetailFunc where FDetailFuncID=80000613
Insert into t_DataFlowDetailFunc(FDetailFuncID,FFuncName,FFuncName_CHT,FFuncName_EN,FSubFuncID,FIndex,FClassName,FClassParam,FIsNormal,FHelpCode,FVisible,FAcctType,FFuncType,FEnable,FShowName,FShowName_CHT,FShowName_EN,FIsEdit,FShowSysType,FUrl,FUrlType,FFuncType_Ex) values (80000613,'节日定义 - 维护','节日定义 - 维护','节日定义 - 维护',800006,13,'K3BOSActive.Application','Base|200000086',0,'4S047',1,'',0,1,null,null,null,1,1,'','newtab','list');
delete t_DataFlowDetailFunc where FDetailFuncID=80010000
Insert into t_DataFlowDetailFunc(FDetailFuncID,FFuncName,FFuncName_CHT,FFuncName_EN,FSubFuncID,FIndex,FClassName,FClassParam,FIsNormal,FHelpCode,FVisible,FAcctType,FFuncType,FEnable,FShowName,FShowName_CHT,FShowName_EN,FIsEdit,FShowSysType,FUrl,FUrlType,FFuncType_Ex) values (80010000,'车型物料配置-维护','车型物料配置-维护','车型物料配置-维护',800100,1,'K3BOSActive.Application','Base|200000033',0,'4S048',1,'',0,1,null,null,null,1,1,'','newtab','list');
delete t_DataFlowDetailFunc where FDetailFuncID=80010101
Insert into t_DataFlowDetailFunc(FDetailFuncID,FFuncName,FFuncName_CHT,FFuncName_EN,FSubFuncID,FIndex,FClassName,FClassParam,FIsNormal,FHelpCode,FVisible,FAcctType,FFuncType,FEnable,FShowName,FShowName_CHT,FShowName_EN,FIsEdit,FShowSysType,FUrl,FUrlType,FFuncType_Ex) values (80010101,'汽车4S注册信息','汽车4S注册信息','汽车4S注册信息',800101,99,'K3BOSActive.Application','Bill|200000067',0,'4S049',1,'',0,1,null,null,null,1,1,'','newtab','list');
delete t_DataFlowDetailFunc where FDetailFuncID=80110000
Insert into t_DataFlowDetailFunc(FDetailFuncID,FFuncName,FFuncName_CHT,FFuncName_EN,FSubFuncID,FIndex,FClassName,FClassParam,FIsNormal,FHelpCode,FVisible,FAcctType,FFuncType,FEnable,FShowName,FShowName_CHT,FShowName_EN,FIsEdit,FShowSysType,FUrl,FUrlType,FFuncType_Ex) values (80110000,'整车采购订单 - 维护','整车采购订单 - 维护','整车采购订单 - 维护',801100,1,'K3BOSActive.Application','List|200000023',0,'4S050',1,'',0,1,null,null,null,1,1,'','newtab','list');
delete t_DataFlowDetailFunc where FDetailFuncID=80110001
Insert into t_DataFlowDetailFunc(FDetailFuncID,FFuncName,FFuncName_CHT,FFuncName_EN,FSubFuncID,FIndex,FClassName,FClassParam,FIsNormal,FHelpCode,FVisible,FAcctType,FFuncType,FEnable,FShowName,FShowName_CHT,FShowName_EN,FIsEdit,FShowSysType,FUrl,FUrlType,FFuncType_Ex) values (80110001,'整车采购订单 - 新增','整车采购订单 - 新增','整车采购订单 - 新增',801100,2,'K3BOSActive.Application','Bill|200000023',0,'4S051',1,'',0,1,null,null,null,1,1,'','newtab','base');
delete t_DataFlowDetailFunc where FDetailFuncID=80110100
Insert into t_DataFlowDetailFunc(FDetailFuncID,FFuncName,FFuncName_CHT,FFuncName_EN,FSubFuncID,FIndex,FClassName,FClassParam,FIsNormal,FHelpCode,FVisible,FAcctType,FFuncType,FEnable,FShowName,FShowName_CHT,FShowName_EN,FIsEdit,FShowSysType,FUrl,FUrlType,FFuncType_Ex) values (80110100,'整车验收单 - 维护','整车验收单 - 维护','整车验收单 - 维护',801101,1,'K3BOSActive.Application','List|200000038',0,'4S052',1,'',0,1,null,null,null,1,1,'','newtab','list');
delete t_DataFlowDetailFunc where FDetailFuncID=80110101
Insert into t_DataFlowDetailFunc(FDetailFuncID,FFuncName,FFuncName_CHT,FFuncName_EN,FSubFuncID,FIndex,FClassName,FClassParam,FIsNormal,FHelpCode,FVisible,FAcctType,FFuncType,FEnable,FShowName,FShowName_CHT,FShowName_EN,FIsEdit,FShowSysType,FUrl,FUrlType,FFuncType_Ex) values (80110101,'整车验收单 - 新增','整车验收单 - 新增','整车验收单 - 新增',801101,2,'K3BOSActive.Application','Bill|200000038',0,'4S053',1,'',0,1,null,null,null,1,1,'','newtab','base');
delete t_DataFlowDetailFunc where FDetailFuncID=80110201
Insert into t_DataFlowDetailFunc(FDetailFuncID,FFuncName,FFuncName_CHT,FFuncName_EN,FSubFuncID,FIndex,FClassName,FClassParam,FIsNormal,FHelpCode,FVisible,FAcctType,FFuncType,FEnable,FShowName,FShowName_CHT,FShowName_EN,FIsEdit,FShowSysType,FUrl,FUrlType,FFuncType_Ex) values (80110201,'整车采购计划 - 维护','整车采购计划 - 维护','整车采购计划 - 维护',801102,1,'K3BOSActive.Application','List|200000066',0,'4S054',1,'',0,1,null,null,null,1,1,'','newtab','list');
delete t_DataFlowDetailFunc where FDetailFuncID=80110202
Insert into t_DataFlowDetailFunc(FDetailFuncID,FFuncName,FFuncName_CHT,FFuncName_EN,FSubFuncID,FIndex,FClassName,FClassParam,FIsNormal,FHelpCode,FVisible,FAcctType,FFuncType,FEnable,FShowName,FShowName_CHT,FShowName_EN,FIsEdit,FShowSysType,FUrl,FUrlType,FFuncType_Ex) values (80110202,'整车采购计划 - 新增','整车采购计划 - 新增','整车采购计划 - 新增',801102,2,'K3BOSActive.Application','Bill|200000066',0,'4S055',1,'',0,1,null,null,null,1,1,'','newtab','base');
delete t_DataFlowDetailFunc where FDetailFuncID=80110301
Insert into t_DataFlowDetailFunc(FDetailFuncID,FFuncName,FFuncName_CHT,FFuncName_EN,FSubFuncID,FIndex,FClassName,FClassParam,FIsNormal,FHelpCode,FVisible,FAcctType,FFuncType,FEnable,FShowName,FShowName_CHT,FShowName_EN,FIsEdit,FShowSysType,FUrl,FUrlType,FFuncType_Ex) values (80110301,'整车采购月预测 - 维护','整车采购月预测 - 维护','整车采购月预测 - 维护',801103,1,'K3BOSActive.Application','List|200000096',0,'4S056',1,'',0,1,null,null,null,1,1,'','newtab','list');
delete t_DataFlowDetailFunc where FDetailFuncID=80110302
Insert into t_DataFlowDetailFunc(FDetailFuncID,FFuncName,FFuncName_CHT,FFuncName_EN,FSubFuncID,FIndex,FClassName,FClassParam,FIsNormal,FHelpCode,FVisible,FAcctType,FFuncType,FEnable,FShowName,FShowName_CHT,FShowName_EN,FIsEdit,FShowSysType,FUrl,FUrlType,FFuncType_Ex) values (80110302,'整车采购月预测 - 新增','整车采购月预测 - 新增','整车采购月预测 - 新增',801103,2,'K3BOSActive.Application','Bill|200000096',0,'4S057',1,'',0,1,null,null,null,1,1,'','newtab','base');
delete t_DataFlowDetailFunc where FDetailFuncID=80120006
Insert into t_DataFlowDetailFunc(FDetailFuncID,FFuncName,FFuncName_CHT,FFuncName_EN,FSubFuncID,FIndex,FClassName,FClassParam,FIsNormal,FHelpCode,FVisible,FAcctType,FFuncType,FEnable,FShowName,FShowName_CHT,FShowName_EN,FIsEdit,FShowSysType,FUrl,FUrlType,FFuncType_Ex) values (80120006,'整车入库单 - 维护','整车入库单 - 维护','整车入库单 - 维护',801200,1,'K3BOSActive.Application','List|200000059',0,'4S058',1,'',0,1,null,null,null,1,1,'','newtab','list');
delete t_DataFlowDetailFunc where FDetailFuncID=80120007
Insert into t_DataFlowDetailFunc(FDetailFuncID,FFuncName,FFuncName_CHT,FFuncName_EN,FSubFuncID,FIndex,FClassName,FClassParam,FIsNormal,FHelpCode,FVisible,FAcctType,FFuncType,FEnable,FShowName,FShowName_CHT,FShowName_EN,FIsEdit,FShowSysType,FUrl,FUrlType,FFuncType_Ex) values (80120007,'整车入库单 - 新增','整车入库单 - 新增','整车入库单 - 新增',801200,2,'K3BOSActive.Application','Bill|200000059',0,'4S059',1,'',0,1,null,null,null,1,1,'','newtab','base');
delete t_DataFlowDetailFunc where FDetailFuncID=80120101
Insert into t_DataFlowDetailFunc(FDetailFuncID,FFuncName,FFuncName_CHT,FFuncName_EN,FSubFuncID,FIndex,FClassName,FClassParam,FIsNormal,FHelpCode,FVisible,FAcctType,FFuncType,FEnable,FShowName,FShowName_CHT,FShowName_EN,FIsEdit,FShowSysType,FUrl,FUrlType,FFuncType_Ex) values (80120101,'整车销售出库单 - 维护','整车销售出库单 - 维护','整车销售出库单 - 维护',801201,1,'K3BOSActive.Application','List|200000060',0,'4S060',1,'',0,1,null,null,null,1,1,'','newtab','list');
delete t_DataFlowDetailFunc where FDetailFuncID=80120102
Insert into t_DataFlowDetailFunc(FDetailFuncID,FFuncName,FFuncName_CHT,FFuncName_EN,FSubFuncID,FIndex,FClassName,FClassParam,FIsNormal,FHelpCode,FVisible,FAcctType,FFuncType,FEnable,FShowName,FShowName_CHT,FShowName_EN,FIsEdit,FShowSysType,FUrl,FUrlType,FFuncType_Ex) values (80120102,'整车销售出库单 - 新增','整车销售出库单 - 新增','整车销售出库单 - 新增',801201,2,'K3BOSActive.Application','Bill|200000060',0,'4S061',1,'',0,1,null,null,null,1,1,'','newtab','base');
delete t_DataFlowDetailFunc where FDetailFuncID=80120103
Insert into t_DataFlowDetailFunc(FDetailFuncID,FFuncName,FFuncName_CHT,FFuncName_EN,FSubFuncID,FIndex,FClassName,FClassParam,FIsNormal,FHelpCode,FVisible,FAcctType,FFuncType,FEnable,FShowName,FShowName_CHT,FShowName_EN,FIsEdit,FShowSysType,FUrl,FUrlType,FFuncType_Ex) values (80120103,'配车单 - 维护','配车单 - 维护','配车单 - 维护',801201,3,'K3BOSActive.Application','List|200000036',0,'4S062',1,'',0,1,null,null,null,1,1,'','newtab','list');
delete t_DataFlowDetailFunc where FDetailFuncID=80120104
Insert into t_DataFlowDetailFunc(FDetailFuncID,FFuncName,FFuncName_CHT,FFuncName_EN,FSubFuncID,FIndex,FClassName,FClassParam,FIsNormal,FHelpCode,FVisible,FAcctType,FFuncType,FEnable,FShowName,FShowName_CHT,FShowName_EN,FIsEdit,FShowSysType,FUrl,FUrlType,FFuncType_Ex) values (80120104,'配车单 - 新增','配车单 - 新增','配车单 - 新增',801201,4,'K3BOSActive.Application','Bill|200000036',0,'4S063',1,'',0,1,null,null,null,1,1,'','newtab','base');
delete t_DataFlowDetailFunc where FDetailFuncID=80120201
Insert into t_DataFlowDetailFunc(FDetailFuncID,FFuncName,FFuncName_CHT,FFuncName_EN,FSubFuncID,FIndex,FClassName,FClassParam,FIsNormal,FHelpCode,FVisible,FAcctType,FFuncType,FEnable,FShowName,FShowName_CHT,FShowName_EN,FIsEdit,FShowSysType,FUrl,FUrlType,FFuncType_Ex) values (80120201,'配车单 - 维护','配车单 - 维护','配车单 - 维护',801202,1,'K3BOSActive.Application','List|200000036',0,'4S064',1,'',0,1,null,null,null,1,1,'','newtab','list');
delete t_DataFlowDetailFunc where FDetailFuncID=80120202
Insert into t_DataFlowDetailFunc(FDetailFuncID,FFuncName,FFuncName_CHT,FFuncName_EN,FSubFuncID,FIndex,FClassName,FClassParam,FIsNormal,FHelpCode,FVisible,FAcctType,FFuncType,FEnable,FShowName,FShowName_CHT,FShowName_EN,FIsEdit,FShowSysType,FUrl,FUrlType,FFuncType_Ex) values (80120202,'配车单 - 新增','配车单 - 新增','配车单 - 新增',801202,2,'K3BOSActive.Application','Bill|200000036',0,'4S065',1,'',0,1,null,null,null,1,1,'','newtab','base');
delete t_DataFlowDetailFunc where FDetailFuncID=80120203
Insert into t_DataFlowDetailFunc(FDetailFuncID,FFuncName,FFuncName_CHT,FFuncName_EN,FSubFuncID,FIndex,FClassName,FClassParam,FIsNormal,FHelpCode,FVisible,FAcctType,FFuncType,FEnable,FShowName,FShowName_CHT,FShowName_EN,FIsEdit,FShowSysType,FUrl,FUrlType,FFuncType_Ex) values (80120203,'整车调拨单 - 维护','整车调拨单 - 维护','整车调拨单 - 维护',801202,3,'K3BOSActive.Application','List|200000061',0,'4S066',1,'',0,1,null,null,null,1,1,'','newtab','list');
delete t_DataFlowDetailFunc where FDetailFuncID=80120204
Insert into t_DataFlowDetailFunc(FDetailFuncID,FFuncName,FFuncName_CHT,FFuncName_EN,FSubFuncID,FIndex,FClassName,FClassParam,FIsNormal,FHelpCode,FVisible,FAcctType,FFuncType,FEnable,FShowName,FShowName_CHT,FShowName_EN,FIsEdit,FShowSysType,FUrl,FUrlType,FFuncType_Ex) values (80120204,'整车调拨单 - 新增','整车调拨单 - 新增','整车调拨单 - 新增',801202,4,'K3BOSActive.Application','Bill|200000061',0,'4S067',1,'',0,1,null,null,null,1,1,'','newtab','base');
delete t_DataFlowDetailFunc where FDetailFuncID=80120205
Insert into t_DataFlowDetailFunc(FDetailFuncID,FFuncName,FFuncName_CHT,FFuncName_EN,FSubFuncID,FIndex,FClassName,FClassParam,FIsNormal,FHelpCode,FVisible,FAcctType,FFuncType,FEnable,FShowName,FShowName_CHT,FShowName_EN,FIsEdit,FShowSysType,FUrl,FUrlType,FFuncType_Ex) values (80120205,'车辆配置变更单 - 维护','车辆配置变更单 - 维护','车辆配置变更单 - 维护',801202,5,'K3BOSActive.Application','List|200000062',0,'4S068',1,'',0,1,null,null,null,1,1,'','newtab','list');
delete t_DataFlowDetailFunc where FDetailFuncID=80120206
Insert into t_DataFlowDetailFunc(FDetailFuncID,FFuncName,FFuncName_CHT,FFuncName_EN,FSubFuncID,FIndex,FClassName,FClassParam,FIsNormal,FHelpCode,FVisible,FAcctType,FFuncType,FEnable,FShowName,FShowName_CHT,FShowName_EN,FIsEdit,FShowSysType,FUrl,FUrlType,FFuncType_Ex) values (80120206,'车辆配置变更单 - 新增','车辆配置变更单 - 新增','车辆配置变更单 - 新增',801202,6,'K3BOSActive.Application','Bill|200000062',0,'4S069',1,'',0,1,null,null,null,1,1,'','newtab','base');
delete t_DataFlowDetailFunc where FDetailFuncID=80120301
Insert into t_DataFlowDetailFunc(FDetailFuncID,FFuncName,FFuncName_CHT,FFuncName_EN,FSubFuncID,FIndex,FClassName,FClassParam,FIsNormal,FHelpCode,FVisible,FAcctType,FFuncType,FEnable,FShowName,FShowName_CHT,FShowName_EN,FIsEdit,FShowSysType,FUrl,FUrlType,FFuncType_Ex) values (80120301,'整车调拨单 - 维护','整车调拨单 - 维护','整车调拨单 - 维护',801203,1,'K3BOSActive.Application','List|200000061',0,'4S070',1,'',0,1,null,null,null,1,1,'','newtab','list');
delete t_DataFlowDetailFunc where FDetailFuncID=80120302
Insert into t_DataFlowDetailFunc(FDetailFuncID,FFuncName,FFuncName_CHT,FFuncName_EN,FSubFuncID,FIndex,FClassName,FClassParam,FIsNormal,FHelpCode,FVisible,FAcctType,FFuncType,FEnable,FShowName,FShowName_CHT,FShowName_EN,FIsEdit,FShowSysType,FUrl,FUrlType,FFuncType_Ex) values (80120302,'整车调拨单 - 新增','整车调拨单 - 新增','整车调拨单 - 新增',801203,2,'K3BOSActive.Application','Bill|200000061',0,'4S071',1,'',0,1,null,null,null,1,1,'','newtab','base');
delete t_DataFlowDetailFunc where FDetailFuncID=80120401
Insert into t_DataFlowDetailFunc(FDetailFuncID,FFuncName,FFuncName_CHT,FFuncName_EN,FSubFuncID,FIndex,FClassName,FClassParam,FIsNormal,FHelpCode,FVisible,FAcctType,FFuncType,FEnable,FShowName,FShowName_CHT,FShowName_EN,FIsEdit,FShowSysType,FUrl,FUrlType,FFuncType_Ex) values (80120401,'虚仓入库','}入','Inventory Receipt for VW',801204,1,'K3Stock.Application','Opt10160',0,'4S072',1,',1,2,3,9,10,11,12,13,',-1,1,null,null,null,0,0,'','','bill');
delete t_DataFlowDetailFunc where FDetailFuncID=80120402
Insert into t_DataFlowDetailFunc(FDetailFuncID,FFuncName,FFuncName_CHT,FFuncName_EN,FSubFuncID,FIndex,FClassName,FClassParam,FIsNormal,FHelpCode,FVisible,FAcctType,FFuncType,FEnable,FShowName,FShowName_CHT,FShowName_EN,FIsEdit,FShowSysType,FUrl,FUrlType,FFuncType_Ex) values (80120402,'虚仓出库','}出','Inventory Delivery for VW',801204,2,'K3Stock.Application','Opt10161',0,'4S073',1,',1,2,3,9,10,11,12,13,',-1,1,null,null,null,0,0,'','','bill');
delete t_DataFlowDetailFunc where FDetailFuncID=80120403
Insert into t_DataFlowDetailFunc(FDetailFuncID,FFuncName,FFuncName_CHT,FFuncName_EN,FSubFuncID,FIndex,FClassName,FClassParam,FIsNormal,FHelpCode,FVisible,FAcctType,FFuncType,FEnable,FShowName,FShowName_CHT,FShowName_EN,FIsEdit,FShowSysType,FUrl,FUrlType,FFuncType_Ex) values (80120403,'虚仓调拨','}{','Inventory Transfer for VW',801204,3,'K3Stock.Application','Opt10162',0,'4S074',1,',1,2,3,9,10,11,12,13,',-1,1,null,null,null,0,0,'','','bill');
delete t_DataFlowDetailFunc where FDetailFuncID=80120404
Insert into t_DataFlowDetailFunc(FDetailFuncID,FFuncName,FFuncName_CHT,FFuncName_EN,FSubFuncID,FIndex,FClassName,FClassParam,FIsNormal,FHelpCode,FVisible,FAcctType,FFuncType,FEnable,FShowName,FShowName_CHT,FShowName_EN,FIsEdit,FShowSysType,FUrl,FUrlType,FFuncType_Ex) values (80120404,'虚仓出入库汇总表','}出入R表','Summary of Inventory Receipt/Delivery for VW',801204,4,'K3Stock.Application','Rpt181',0,'4S075',1,',1,2,3,9,10,11,12,13,',-1,1,null,null,null,0,0,'','','report');
delete t_DataFlowDetailFunc where FDetailFuncID=80120405
Insert into t_DataFlowDetailFunc(FDetailFuncID,FFuncName,FFuncName_CHT,FFuncName_EN,FSubFuncID,FIndex,FClassName,FClassParam,FIsNormal,FHelpCode,FVisible,FAcctType,FFuncType,FEnable,FShowName,FShowName_CHT,FShowName_EN,FIsEdit,FShowSysType,FUrl,FUrlType,FFuncType_Ex) values (80120405,'虚仓出入库明细表','}出入烀骷表','Details of Inventory Receipt/Delivery for VW',801204,5,'K3Stock.Application','Rpt182',0,'4S076',1,',1,2,3,9,10,11,12,13,',-1,1,null,null,null,0,0,'','','report');
delete t_DataFlowDetailFunc where FDetailFuncID=80120406
Insert into t_DataFlowDetailFunc(FDetailFuncID,FFuncName,FFuncName_CHT,FFuncName_EN,FSubFuncID,FIndex,FClassName,FClassParam,FIsNormal,FHelpCode,FVisible,FAcctType,FFuncType,FEnable,FShowName,FShowName_CHT,FShowName_EN,FIsEdit,FShowSysType,FUrl,FUrlType,FFuncType_Ex) values (80120406,'虚仓物料收发台账','}物料收l台~','Account of Material Receipt/Delviery for VW',801204,6,'K3Stock.Application','Rpt183',0,'4S077',1,',1,2,3,9,10,11,12,13,',-1,1,null,null,null,0,0,'','','report');
delete t_DataFlowDetailFunc where FDetailFuncID=80120407
Insert into t_DataFlowDetailFunc(FDetailFuncID,FFuncName,FFuncName_CHT,FFuncName_EN,FSubFuncID,FIndex,FClassName,FClassParam,FIsNormal,FHelpCode,FVisible,FAcctType,FFuncType,FEnable,FShowName,FShowName_CHT,FShowName_EN,FIsEdit,FShowSysType,FUrl,FUrlType,FFuncType_Ex) values (80120407,'虚仓物料收发日报表','}物料收l日蟊','Daily Report of Material Receipt/Delivery for VW',801204,7,'K3Stock.Application','Rpt184',0,'4S078',1,',1,2,3,9,10,11,12,13,',-1,1,null,null,null,0,0,'','','report');
delete t_DataFlowDetailFunc where FDetailFuncID=80130000
Insert into t_DataFlowDetailFunc(FDetailFuncID,FFuncName,FFuncName_CHT,FFuncName_EN,FSubFuncID,FIndex,FClassName,FClassParam,FIsNormal,FHelpCode,FVisible,FAcctType,FFuncType,FEnable,FShowName,FShowName_CHT,FShowName_EN,FIsEdit,FShowSysType,FUrl,FUrlType,FFuncType_Ex) values (80130000,'整车销售订单 - 维护','整车销售订单 - 维护','整车销售订单 - 维护',801300,1,'K3BOSActive.Application','List|200000028',0,'4S079',1,'',0,1,null,null,null,1,1,'','newtab','list');
delete t_DataFlowDetailFunc where FDetailFuncID=80130001
Insert into t_DataFlowDetailFunc(FDetailFuncID,FFuncName,FFuncName_CHT,FFuncName_EN,FSubFuncID,FIndex,FClassName,FClassParam,FIsNormal,FHelpCode,FVisible,FAcctType,FFuncType,FEnable,FShowName,FShowName_CHT,FShowName_EN,FIsEdit,FShowSysType,FUrl,FUrlType,FFuncType_Ex) values (80130001,'整车销售订单 - 新增','整车销售订单 - 新增','整车销售订单 - 新增',801300,2,'K3BOSActive.Application','Bill|200000028',0,'4S080',1,'',0,1,null,null,null,1,1,'','newtab','base');
delete t_DataFlowDetailFunc where FDetailFuncID=80130100
Insert into t_DataFlowDetailFunc(FDetailFuncID,FFuncName,FFuncName_CHT,FFuncName_EN,FSubFuncID,FIndex,FClassName,FClassParam,FIsNormal,FHelpCode,FVisible,FAcctType,FFuncType,FEnable,FShowName,FShowName_CHT,FShowName_EN,FIsEdit,FShowSysType,FUrl,FUrlType,FFuncType_Ex) values (80130100,'交车单 - 维护','交车单 - 维护','交车单 - 维护',801301,1,'K3BOSActive.Application','List|200000029',0,'4S081',1,'',0,1,null,null,null,1,1,'','newtab','list');
delete t_DataFlowDetailFunc where FDetailFuncID=80130101
Insert into t_DataFlowDetailFunc(FDetailFuncID,FFuncName,FFuncName_CHT,FFuncName_EN,FSubFuncID,FIndex,FClassName,FClassParam,FIsNormal,FHelpCode,FVisible,FAcctType,FFuncType,FEnable,FShowName,FShowName_CHT,FShowName_EN,FIsEdit,FShowSysType,FUrl,FUrlType,FFuncType_Ex) values (80130101,'交车单 - 新增','交车单 - 新增','交车单 - 新增',801301,2,'K3BOSActive.Application','Bill|200000029',0,'4S082',1,'',0,1,null,null,null,1,1,'','newtab','base');
delete t_DataFlowDetailFunc where FDetailFuncID=80140101
Insert into t_DataFlowDetailFunc(FDetailFuncID,FFuncName,FFuncName_CHT,FFuncName_EN,FSubFuncID,FIndex,FClassName,FClassParam,FIsNormal,FHelpCode,FVisible,FAcctType,FFuncType,FEnable,FShowName,FShowName_CHT,FShowName_EN,FIsEdit,FShowSysType,FUrl,FUrlType,FFuncType_Ex) values (80140101,'整车采购汇总表（按车型） - 查询','整车采购汇总表（按车型） - 查','整车采购汇总表（按车型） - Query',801401,1,'K3BOSActive.Application','SQLRPT|2006261',1,'4S083',1,'',0,1,null,null,null,1,1,'ExtBOS/BOSSQLReportManager.aspx?ReportID=&ListTplID=2006261','newtab','report');
delete t_DataFlowDetailFunc where FDetailFuncID=80140102
Insert into t_DataFlowDetailFunc(FDetailFuncID,FFuncName,FFuncName_CHT,FFuncName_EN,FSubFuncID,FIndex,FClassName,FClassParam,FIsNormal,FHelpCode,FVisible,FAcctType,FFuncType,FEnable,FShowName,FShowName_CHT,FShowName_EN,FIsEdit,FShowSysType,FUrl,FUrlType,FFuncType_Ex) values (80140102,'整车采购汇总表（按车系） - 查询','整车采购汇总表（按车系） - 查','整车采购汇总表（按车系） - Query',801401,2,'K3BOSActive.Application','SQLRPT|2006262',1,'4S084',1,'',0,1,null,null,null,1,1,'ExtBOS/BOSSQLReportManager.aspx?ReportID=&ListTplID=2006262','newtab','report');
delete t_DataFlowDetailFunc where FDetailFuncID=80140201
Insert into t_DataFlowDetailFunc(FDetailFuncID,FFuncName,FFuncName_CHT,FFuncName_EN,FSubFuncID,FIndex,FClassName,FClassParam,FIsNormal,FHelpCode,FVisible,FAcctType,FFuncType,FEnable,FShowName,FShowName_CHT,FShowName_EN,FIsEdit,FShowSysType,FUrl,FUrlType,FFuncType_Ex) values (80140201,'整车销售汇总表（按销售顾问＋车型＋颜色） - 查询','整车销售汇总表（按销售顾问＋车型＋颜色） - 查','整车销售汇总表（按销售顾问＋车型＋颜色） - Query',801402,1,'K3BOSActive.Application','SQLRPT|2006263',1,'4S085',1,'',0,1,null,null,null,1,1,'ExtBOS/BOSSQLReportManager.aspx?ReportID=&ListTplID=2006263','newtab','report');
delete t_DataFlowDetailFunc where FDetailFuncID=80140202
Insert into t_DataFlowDetailFunc(FDetailFuncID,FFuncName,FFuncName_CHT,FFuncName_EN,FSubFuncID,FIndex,FClassName,FClassParam,FIsNormal,FHelpCode,FVisible,FAcctType,FFuncType,FEnable,FShowName,FShowName_CHT,FShowName_EN,FIsEdit,FShowSysType,FUrl,FUrlType,FFuncType_Ex) values (80140202,'整车销售汇总表（按销售顾问＋车系） - 查询','整车销售汇总表（按销售顾问＋车系） - 查','整车销售汇总表（按销售顾问＋车系） - Query',801402,2,'K3BOSActive.Application','SQLRPT|2006268',1,'4S086',1,'',0,1,null,null,null,1,1,'ExtBOS/BOSSQLReportManager.aspx?ReportID=&ListTplID=2006268','newtab','report');
delete t_DataFlowDetailFunc where FDetailFuncID=80140203
Insert into t_DataFlowDetailFunc(FDetailFuncID,FFuncName,FFuncName_CHT,FFuncName_EN,FSubFuncID,FIndex,FClassName,FClassParam,FIsNormal,FHelpCode,FVisible,FAcctType,FFuncType,FEnable,FShowName,FShowName_CHT,FShowName_EN,FIsEdit,FShowSysType,FUrl,FUrlType,FFuncType_Ex) values (80140203,'整车销售汇总表（按车型） - 查询','整车销售汇总表（按车型） - 查','整车销售汇总表（按车型） - Query',801402,3,'K3BOSActive.Application','SQLRPT|2006267',1,'4S087',1,'',0,1,null,null,null,1,1,'ExtBOS/BOSSQLReportManager.aspx?ReportID=&ListTplID=2006267','newtab','report');
delete t_DataFlowDetailFunc where FDetailFuncID=80140204
Insert into t_DataFlowDetailFunc(FDetailFuncID,FFuncName,FFuncName_CHT,FFuncName_EN,FSubFuncID,FIndex,FClassName,FClassParam,FIsNormal,FHelpCode,FVisible,FAcctType,FFuncType,FEnable,FShowName,FShowName_CHT,FShowName_EN,FIsEdit,FShowSysType,FUrl,FUrlType,FFuncType_Ex) values (80140204,'整车销售汇总表（按车系） - 查询','整车销售汇总表（按车系） - 查','整车销售汇总表（按车系） - Query',801402,4,'K3BOSActive.Application','SQLRPT|2006266',1,'4S088',1,'',0,1,null,null,null,1,1,'ExtBOS/BOSSQLReportManager.aspx?ReportID=&ListTplID=2006266','newtab','report');
delete t_DataFlowDetailFunc where FDetailFuncID=80140205
Insert into t_DataFlowDetailFunc(FDetailFuncID,FFuncName,FFuncName_CHT,FFuncName_EN,FSubFuncID,FIndex,FClassName,FClassParam,FIsNormal,FHelpCode,FVisible,FAcctType,FFuncType,FEnable,FShowName,FShowName_CHT,FShowName_EN,FIsEdit,FShowSysType,FUrl,FUrlType,FFuncType_Ex) values (80140205,'整车销售汇总表（按销售顾问） - 查询','整车销售汇总表（按销售顾问） - 查','整车销售汇总表（按销售顾问） - Query',801402,5,'K3BOSActive.Application','SQLRPT|2006265',1,'4S089',1,'',0,1,null,null,null,1,1,'ExtBOS/BOSSQLReportManager.aspx?ReportID=&ListTplID=2006265','newtab','report');
delete t_DataFlowDetailFunc where FDetailFuncID=80140206
Insert into t_DataFlowDetailFunc(FDetailFuncID,FFuncName,FFuncName_CHT,FFuncName_EN,FSubFuncID,FIndex,FClassName,FClassParam,FIsNormal,FHelpCode,FVisible,FAcctType,FFuncType,FEnable,FShowName,FShowName_CHT,FShowName_EN,FIsEdit,FShowSysType,FUrl,FUrlType,FFuncType_Ex) values (80140206,'整车销售汇总表（按销售顾问＋车型） - 查询','整车销售汇总表（按销售顾问＋车型） - 查','整车销售汇总表（按销售顾问＋车型） - Query',801402,6,'K3BOSActive.Application','SQLRPT|2006264',1,'4S090',1,'',0,1,null,null,null,1,1,'ExtBOS/BOSSQLReportManager.aspx?ReportID=&ListTplID=2006264','newtab','report');
delete t_DataFlowDetailFunc where FDetailFuncID=80140301
Insert into t_DataFlowDetailFunc(FDetailFuncID,FFuncName,FFuncName_CHT,FFuncName_EN,FSubFuncID,FIndex,FClassName,FClassParam,FIsNormal,FHelpCode,FVisible,FAcctType,FFuncType,FEnable,FShowName,FShowName_CHT,FShowName_EN,FIsEdit,FShowSysType,FUrl,FUrlType,FFuncType_Ex) values (80140301,'整车库存明细表 - 查询','整车库存明细表 - 查','整车库存明细表 - Query',801403,1,'K3BOSActive.Application','SQLRPT|2006251',1,'4S091',1,'',0,1,null,null,null,1,1,'ExtBOS/BOSSQLReportManager.aspx?ReportID=&ListTplID=2006251','newtab','report');
delete t_DataFlowDetailFunc where FDetailFuncID=80140302
Insert into t_DataFlowDetailFunc(FDetailFuncID,FFuncName,FFuncName_CHT,FFuncName_EN,FSubFuncID,FIndex,FClassName,FClassParam,FIsNormal,FHelpCode,FVisible,FAcctType,FFuncType,FEnable,FShowName,FShowName_CHT,FShowName_EN,FIsEdit,FShowSysType,FUrl,FUrlType,FFuncType_Ex) values (80140302,'整车库存汇总表（按车型） - 查询','整车库存汇总表（按车型） - 查','整车库存汇总表（按车型） - Query',801403,2,'K3BOSActive.Application','SQLRPT|2006252',1,'4S092',1,'',0,1,null,null,null,1,1,'ExtBOS/BOSSQLReportManager.aspx?ReportID=&ListTplID=2006252','newtab','report');
delete t_DataFlowDetailFunc where FDetailFuncID=80140303
Insert into t_DataFlowDetailFunc(FDetailFuncID,FFuncName,FFuncName_CHT,FFuncName_EN,FSubFuncID,FIndex,FClassName,FClassParam,FIsNormal,FHelpCode,FVisible,FAcctType,FFuncType,FEnable,FShowName,FShowName_CHT,FShowName_EN,FIsEdit,FShowSysType,FUrl,FUrlType,FFuncType_Ex) values (80140303,'整车库存汇总表（按车系） - 查询','整车库存汇总表（按车系） - 查','整车库存汇总表（按车系） - Query',801403,3,'K3BOSActive.Application','SQLRPT|2006253',1,'4S093',1,'',0,1,null,null,null,1,1,'ExtBOS/BOSSQLReportManager.aspx?ReportID=&ListTplID=2006253','newtab','report');
delete t_DataFlowDetailFunc where FDetailFuncID=80140304
Insert into t_DataFlowDetailFunc(FDetailFuncID,FFuncName,FFuncName_CHT,FFuncName_EN,FSubFuncID,FIndex,FClassName,FClassParam,FIsNormal,FHelpCode,FVisible,FAcctType,FFuncType,FEnable,FShowName,FShowName_CHT,FShowName_EN,FIsEdit,FShowSysType,FUrl,FUrlType,FFuncType_Ex) values (80140304,'整车库存统计分析表（按车型） - 查询','整车库存统计分析表（按车型） - 查','整车库存统计分析表（按车型） - Query',801403,4,'K3BOSActive.Application','SQLRPT|2006257',1,'4S094',1,'',0,1,null,null,null,1,1,'ExtBOS/BOSSQLReportManager.aspx?ReportID=&ListTplID=2006257','newtab','report');
delete t_DataFlowDetailFunc where FDetailFuncID=80140305
Insert into t_DataFlowDetailFunc(FDetailFuncID,FFuncName,FFuncName_CHT,FFuncName_EN,FSubFuncID,FIndex,FClassName,FClassParam,FIsNormal,FHelpCode,FVisible,FAcctType,FFuncType,FEnable,FShowName,FShowName_CHT,FShowName_EN,FIsEdit,FShowSysType,FUrl,FUrlType,FFuncType_Ex) values (80140305,'整车库存统计分析表（按车系） - 查询','整车库存统计分析表（按车系） - 查','整车库存统计分析表（按车系） - Query',801403,5,'K3BOSActive.Application','SQLRPT|2006254',1,'4S095',1,'',0,1,null,null,null,1,1,'ExtBOS/BOSSQLReportManager.aspx?ReportID=&ListTplID=2006254','newtab','report');
delete t_DataFlowDetailFunc where FDetailFuncID=80140306
Insert into t_DataFlowDetailFunc(FDetailFuncID,FFuncName,FFuncName_CHT,FFuncName_EN,FSubFuncID,FIndex,FClassName,FClassParam,FIsNormal,FHelpCode,FVisible,FAcctType,FFuncType,FEnable,FShowName,FShowName_CHT,FShowName_EN,FIsEdit,FShowSysType,FUrl,FUrlType,FFuncType_Ex) values (80140306,'整车收发存汇总表（按车型） - 查询','整车收发存汇总表（按车型） - 查','整车收发存汇总表（按车型） - Query',801403,6,'K3BOSActive.Application','SQLRPT|2006258',1,'4S096',1,'',0,1,null,null,null,1,1,'ExtBOS/BOSSQLReportManager.aspx?ReportID=&ListTplID=2006258','newtab','report');
delete t_DataFlowDetailFunc where FDetailFuncID=80140307
Insert into t_DataFlowDetailFunc(FDetailFuncID,FFuncName,FFuncName_CHT,FFuncName_EN,FSubFuncID,FIndex,FClassName,FClassParam,FIsNormal,FHelpCode,FVisible,FAcctType,FFuncType,FEnable,FShowName,FShowName_CHT,FShowName_EN,FIsEdit,FShowSysType,FUrl,FUrlType,FFuncType_Ex) values (80140307,'整车收发存汇总表（按车系） - 查询','整车收发存汇总表（按车系） - 查','整车收发存汇总表（按车系） - Query',801403,7,'K3BOSActive.Application','SQLRPT|2006259',1,'4S097',1,'',0,1,null,null,null,1,1,'ExtBOS/BOSSQLReportManager.aspx?ReportID=&ListTplID=2006259','newtab','report');
delete t_DataFlowDetailFunc where FDetailFuncID=80140308
Insert into t_DataFlowDetailFunc(FDetailFuncID,FFuncName,FFuncName_CHT,FFuncName_EN,FSubFuncID,FIndex,FClassName,FClassParam,FIsNormal,FHelpCode,FVisible,FAcctType,FFuncType,FEnable,FShowName,FShowName_CHT,FShowName_EN,FIsEdit,FShowSysType,FUrl,FUrlType,FFuncType_Ex) values (80140308,'整车出入库明细表 - 查询','整车出入库明细表 - 查','整车出入库明细表 - Query',801403,8,'K3BOSActive.Application','SQLRPT|2006260',1,'4S098',1,'',0,1,null,null,null,1,1,'ExtBOS/BOSSQLReportManager.aspx?ReportID=&ListTplID=2006260','newtab','report');
delete t_DataFlowDetailFunc where FDetailFuncID=802010101
Insert into t_DataFlowDetailFunc(FDetailFuncID,FFuncName,FFuncName_CHT,FFuncName_EN,FSubFuncID,FIndex,FClassName,FClassParam,FIsNormal,FHelpCode,FVisible,FAcctType,FFuncType,FEnable,FShowName,FShowName_CHT,FShowName_EN,FIsEdit,FShowSysType,FUrl,FUrlType,FFuncType_Ex) values (802010101,'采购合同 - 维护','褓合同 - So','Purchase Contract - Maintain',8020101,1,'K3Purchase.Application','Opt10540',0,'4S099',1,',1,2,3,9,10,11,12,13,',0,1,null,null,null,0,0,'','','list');
delete t_DataFlowDetailFunc where FDetailFuncID=802010102
Insert into t_DataFlowDetailFunc(FDetailFuncID,FFuncName,FFuncName_CHT,FFuncName_EN,FSubFuncID,FIndex,FClassName,FClassParam,FIsNormal,FHelpCode,FVisible,FAcctType,FFuncType,FEnable,FShowName,FShowName_CHT,FShowName_EN,FIsEdit,FShowSysType,FUrl,FUrlType,FFuncType_Ex) values (802010102,'采购合同 - 新增','褓合同 - 新增','Purchase Contract - New',8020101,2,'K3Purchase.Application','Opt10510',0,'4S100',1,',1,2,3,9,10,11,12,13,',0,1,null,null,null,0,0,'','','bill');
delete t_DataFlowDetailFunc where FDetailFuncID=802010103
Insert into t_DataFlowDetailFunc(FDetailFuncID,FFuncName,FFuncName_CHT,FFuncName_EN,FSubFuncID,FIndex,FClassName,FClassParam,FIsNormal,FHelpCode,FVisible,FAcctType,FFuncType,FEnable,FShowName,FShowName_CHT,FShowName_EN,FIsEdit,FShowSysType,FUrl,FUrlType,FFuncType_Ex) values (802010103,'采购申请单 - 维护','褓申 - So','Purchase Requisition - Maintain',8020101,3,'K3Purchase.Application','Opt10040',0,'4S101',1,',1,2,3,9,10,11,12,13,',-1,1,null,null,null,0,0,'','','list');
delete t_DataFlowDetailFunc where FDetailFuncID=802010104
Insert into t_DataFlowDetailFunc(FDetailFuncID,FFuncName,FFuncName_CHT,FFuncName_EN,FSubFuncID,FIndex,FClassName,FClassParam,FIsNormal,FHelpCode,FVisible,FAcctType,FFuncType,FEnable,FShowName,FShowName_CHT,FShowName_EN,FIsEdit,FShowSysType,FUrl,FUrlType,FFuncType_Ex) values (802010104,'采购申请单 - 新增','褓申 - 新增','Purchase Requisition - New',8020101,4,'K3Purchase.Application','Opt10010',0,'4S102',1,',1,2,3,9,10,11,12,13,',-1,1,null,null,null,0,0,'','','bill');
delete t_DataFlowDetailFunc where FDetailFuncID=802010105
Insert into t_DataFlowDetailFunc(FDetailFuncID,FFuncName,FFuncName_CHT,FFuncName_EN,FSubFuncID,FIndex,FClassName,FClassParam,FIsNormal,FHelpCode,FVisible,FAcctType,FFuncType,FEnable,FShowName,FShowName_CHT,FShowName_EN,FIsEdit,FShowSysType,FUrl,FUrlType,FFuncType_Ex) values (802010105,'采购订单 - 新增','褓 - 新增','Purchase Order - New',8020101,5,'K3Purchase.Application','Opt10015',0,'4S103',1,',1,2,3,9,10,11,12,13,',-1,1,null,null,null,0,0,'','','bill');
delete t_DataFlowDetailFunc where FDetailFuncID=802010106
Insert into t_DataFlowDetailFunc(FDetailFuncID,FFuncName,FFuncName_CHT,FFuncName_EN,FSubFuncID,FIndex,FClassName,FClassParam,FIsNormal,FHelpCode,FVisible,FAcctType,FFuncType,FEnable,FShowName,FShowName_CHT,FShowName_EN,FIsEdit,FShowSysType,FUrl,FUrlType,FFuncType_Ex) values (802010106,'采购订单 - 维护','褓 - So','Purchase Order - Maintain',8020101,6,'K3Purchase.Application','Opt10045',0,'4S104',1,',1,2,3,9,10,11,12,13,',-1,1,null,null,null,0,0,'','','list');
delete t_DataFlowDetailFunc where FDetailFuncID=802010107
Insert into t_DataFlowDetailFunc(FDetailFuncID,FFuncName,FFuncName_CHT,FFuncName_EN,FSubFuncID,FIndex,FClassName,FClassParam,FIsNormal,FHelpCode,FVisible,FAcctType,FFuncType,FEnable,FShowName,FShowName_CHT,FShowName_EN,FIsEdit,FShowSysType,FUrl,FUrlType,FFuncType_Ex) values (802010107,'收料通知/请检单 - 新增','收料通知/z - 新增','Material Receipt Notice/Inspection Requisition - New',8020101,7,'K3Purchase.Application','Opt10020',0,'4S105',1,',1,2,3,9,10,11,12,13,',-1,1,null,null,null,0,0,'','','bill');
delete t_DataFlowDetailFunc where FDetailFuncID=802010108
Insert into t_DataFlowDetailFunc(FDetailFuncID,FFuncName,FFuncName_CHT,FFuncName_EN,FSubFuncID,FIndex,FClassName,FClassParam,FIsNormal,FHelpCode,FVisible,FAcctType,FFuncType,FEnable,FShowName,FShowName_CHT,FShowName_EN,FIsEdit,FShowSysType,FUrl,FUrlType,FFuncType_Ex) values (802010108,'收料通知/请检单 - 维护','收料通知/z - So','Material Receipt Notice/Inspection Requisition - Maintain',8020101,8,'K3Purchase.Application','Opt10050',0,'4S106',1,',1,2,3,9,10,11,12,13,',-1,1,null,null,null,0,0,'','','list');
delete t_DataFlowDetailFunc where FDetailFuncID=802010109
Insert into t_DataFlowDetailFunc(FDetailFuncID,FFuncName,FFuncName_CHT,FFuncName_EN,FSubFuncID,FIndex,FClassName,FClassParam,FIsNormal,FHelpCode,FVisible,FAcctType,FFuncType,FEnable,FShowName,FShowName_CHT,FShowName_EN,FIsEdit,FShowSysType,FUrl,FUrlType,FFuncType_Ex) values (802010109,'外购入库单 - 新增','外入 - 新增','Purchase Receipt - New',8020101,9,'K3Purchase.Application','Opt10110',0,'4S107',1,',1,2,3,9,10,11,12,13,',-1,1,null,null,null,0,0,'','','bill');
delete t_DataFlowDetailFunc where FDetailFuncID=802010110
Insert into t_DataFlowDetailFunc(FDetailFuncID,FFuncName,FFuncName_CHT,FFuncName_EN,FSubFuncID,FIndex,FClassName,FClassParam,FIsNormal,FHelpCode,FVisible,FAcctType,FFuncType,FEnable,FShowName,FShowName_CHT,FShowName_EN,FIsEdit,FShowSysType,FUrl,FUrlType,FFuncType_Ex) values (802010110,'外购入库单 - 维护','外入 - So','Purchase Receipt - Maintain',8020101,10,'K3Purchase.Application','Opt1014601',0,'4S108',1,',1,2,3,9,10,11,12,13,',-1,1,null,null,null,0,0,'','','list');
delete t_DataFlowDetailFunc where FDetailFuncID=802010111
Insert into t_DataFlowDetailFunc(FDetailFuncID,FFuncName,FFuncName_CHT,FFuncName_EN,FSubFuncID,FIndex,FClassName,FClassParam,FIsNormal,FHelpCode,FVisible,FAcctType,FFuncType,FEnable,FShowName,FShowName_CHT,FShowName_EN,FIsEdit,FShowSysType,FUrl,FUrlType,FFuncType_Ex) values (802010111,'采购发票 - 新增','褓l票 - 新增','Purchase Invoice - New',8020101,11,'K3Purchase.Application','Opt10025',0,'4S109',1,',1,2,3,9,10,11,12,13,',-1,1,null,null,null,0,0,'','','bill');
delete t_DataFlowDetailFunc where FDetailFuncID=802010112
Insert into t_DataFlowDetailFunc(FDetailFuncID,FFuncName,FFuncName_CHT,FFuncName_EN,FSubFuncID,FIndex,FClassName,FClassParam,FIsNormal,FHelpCode,FVisible,FAcctType,FFuncType,FEnable,FShowName,FShowName_CHT,FShowName_EN,FIsEdit,FShowSysType,FUrl,FUrlType,FFuncType_Ex) values (802010112,'采购发票 - 维护','褓l票 - So','Purchase Invoice - Maintain',8020101,12,'K3Purchase.Application','Opt10055',0,'4S110',1,',1,2,3,9,10,11,12,13,',-1,1,null,null,null,0,0,'','','list');
delete t_DataFlowDetailFunc where FDetailFuncID=802010113
Insert into t_DataFlowDetailFunc(FDetailFuncID,FFuncName,FFuncName_CHT,FFuncName_EN,FSubFuncID,FIndex,FClassName,FClassParam,FIsNormal,FHelpCode,FVisible,FAcctType,FFuncType,FEnable,FShowName,FShowName_CHT,FShowName_EN,FIsEdit,FShowSysType,FUrl,FUrlType,FFuncType_Ex) values (802010113,'费用发票 - 新增','M用l票 - 新增','Expense Invoice - New',8020101,13,'K3Purchase.Application','Opt10037',0,'4S111',1,',1,2,3,9,10,11,12,13,',-1,1,'费用发票－录入','M用l票－入','Expense Invoice - New',0,0,'','','bill');
delete t_DataFlowDetailFunc where FDetailFuncID=802010114
Insert into t_DataFlowDetailFunc(FDetailFuncID,FFuncName,FFuncName_CHT,FFuncName_EN,FSubFuncID,FIndex,FClassName,FClassParam,FIsNormal,FHelpCode,FVisible,FAcctType,FFuncType,FEnable,FShowName,FShowName_CHT,FShowName_EN,FIsEdit,FShowSysType,FUrl,FUrlType,FFuncType_Ex) values (802010114,'费用发票 - 维护','M用l票 - So','Expense Invoice - Maintain',8020101,14,'K3Purchase.Application','Opt10078',0,'4S112',1,',1,2,3,9,10,11,12,13,',-1,1,'费用发票－查询','M用l票－查','Expense Invoice - Query',0,0,'','','list');
delete t_DataFlowDetailFunc where FDetailFuncID=802010115
Insert into t_DataFlowDetailFunc(FDetailFuncID,FFuncName,FFuncName_CHT,FFuncName_EN,FSubFuncID,FIndex,FClassName,FClassParam,FIsNormal,FHelpCode,FVisible,FAcctType,FFuncType,FEnable,FShowName,FShowName_CHT,FShowName_EN,FIsEdit,FShowSysType,FUrl,FUrlType,FFuncType_Ex) values (802010115,'退料通知单 - 新增','退料通知 - 新增','Material Return Notice - New',8020101,15,'K3Purchase.Application','Opt10030',0,'4S113',1,',1,2,3,9,10,11,12,13,',-1,1,'','','',0,0,'','','bill');
delete t_DataFlowDetailFunc where FDetailFuncID=802010116
Insert into t_DataFlowDetailFunc(FDetailFuncID,FFuncName,FFuncName_CHT,FFuncName_EN,FSubFuncID,FIndex,FClassName,FClassParam,FIsNormal,FHelpCode,FVisible,FAcctType,FFuncType,FEnable,FShowName,FShowName_CHT,FShowName_EN,FIsEdit,FShowSysType,FUrl,FUrlType,FFuncType_Ex) values (802010116,'退料通知单 - 维护','退料通知 - So','Material Return Notice - Maintain',8020101,16,'K3Purchase.Application','Opt10060',0,'4S114',1,',1,2,3,9,10,11,12,13,',-1,1,'','','',0,0,'','','list');
delete t_DataFlowDetailFunc where FDetailFuncID=802010201
Insert into t_DataFlowDetailFunc(FDetailFuncID,FFuncName,FFuncName_CHT,FFuncName_EN,FSubFuncID,FIndex,FClassName,FClassParam,FIsNormal,FHelpCode,FVisible,FAcctType,FFuncType,FEnable,FShowName,FShowName_CHT,FShowName_EN,FIsEdit,FShowSysType,FUrl,FUrlType,FFuncType_Ex) values (802010201,'采购汇总表','采购汇总表','采购汇总表',8020102,1,'K3Purchase.Application','Rpt117',0,'4S115',1,',1,2,3,9,10,11,12,13,',-1,1,'','','',0,0,'','','report');
delete t_DataFlowDetailFunc where FDetailFuncID=802010202
Insert into t_DataFlowDetailFunc(FDetailFuncID,FFuncName,FFuncName_CHT,FFuncName_EN,FSubFuncID,FIndex,FClassName,FClassParam,FIsNormal,FHelpCode,FVisible,FAcctType,FFuncType,FEnable,FShowName,FShowName_CHT,FShowName_EN,FIsEdit,FShowSysType,FUrl,FUrlType,FFuncType_Ex) values (802010202,'采购明细表','采购明细表','采购明细表',8020102,2,'K3Purchase.Application','Rpt118',0,'4S116',1,',1,2,3,9,10,11,12,13,',-1,1,'','','',0,0,'','','report');
delete t_DataFlowDetailFunc where FDetailFuncID=802010203
Insert into t_DataFlowDetailFunc(FDetailFuncID,FFuncName,FFuncName_CHT,FFuncName_EN,FSubFuncID,FIndex,FClassName,FClassParam,FIsNormal,FHelpCode,FVisible,FAcctType,FFuncType,FEnable,FShowName,FShowName_CHT,FShowName_EN,FIsEdit,FShowSysType,FUrl,FUrlType,FFuncType_Ex) values (802010203,'供应商供货ABS分析','供应商供货ABS分析','供应商供货ABS分析',8020102,3,'XXXXX','XXXXX',0,'4S117',1,'',0,1,null,null,null,1,1,'','newtab','base');
delete t_DataFlowDetailFunc where FDetailFuncID=802010204
Insert into t_DataFlowDetailFunc(FDetailFuncID,FFuncName,FFuncName_CHT,FFuncName_EN,FSubFuncID,FIndex,FClassName,FClassParam,FIsNormal,FHelpCode,FVisible,FAcctType,FFuncType,FEnable,FShowName,FShowName_CHT,FShowName_EN,FIsEdit,FShowSysType,FUrl,FUrlType,FFuncType_Ex) values (802010204,'采购价格分析','采购价格分析','采购价格分析',8020102,4,'K3Purchase.Application','Rpt123',0,'4S118',1,',1,2,3,9,10,11,12,13,',-1,1,'','','',0,0,'','','report');
delete t_DataFlowDetailFunc where FDetailFuncID=802010205
Insert into t_DataFlowDetailFunc(FDetailFuncID,FFuncName,FFuncName_CHT,FFuncName_EN,FSubFuncID,FIndex,FClassName,FClassParam,FIsNormal,FHelpCode,FVisible,FAcctType,FFuncType,FEnable,FShowName,FShowName_CHT,FShowName_EN,FIsEdit,FShowSysType,FUrl,FUrlType,FFuncType_Ex) values (802010205,'物料采购结构ABC分析','物料采购结构ABC分析','物料采购结构ABC分析',8020102,5,'K3Purchase.Application','Rpt124',0,'4S119',1,',1,2,3,9,10,11,12,13,',-1,1,'','','',0,0,'','','report');
delete t_DataFlowDetailFunc where FDetailFuncID=802010206
Insert into t_DataFlowDetailFunc(FDetailFuncID,FFuncName,FFuncName_CHT,FFuncName_EN,FSubFuncID,FIndex,FClassName,FClassParam,FIsNormal,FHelpCode,FVisible,FAcctType,FFuncType,FEnable,FShowName,FShowName_CHT,FShowName_EN,FIsEdit,FShowSysType,FUrl,FUrlType,FFuncType_Ex) values (802010206,'采购订单ABC分析','采购订单ABC分析','采购订单ABC分析',8020102,6,'K3Purchase.Application','Rpt125',0,'4S120',1,',1,2,3,9,10,11,12,13,',-1,1,'','','',0,0,'','','report');
delete t_DataFlowDetailFunc where FDetailFuncID=802010207
Insert into t_DataFlowDetailFunc(FDetailFuncID,FFuncName,FFuncName_CHT,FFuncName_EN,FSubFuncID,FIndex,FClassName,FClassParam,FIsNormal,FHelpCode,FVisible,FAcctType,FFuncType,FEnable,FShowName,FShowName_CHT,FShowName_EN,FIsEdit,FShowSysType,FUrl,FUrlType,FFuncType_Ex) values (802010207,'供应商供货质量分析表','供应商供货质量分析表','供应商供货质量分析表',8020102,7,'K3Purchase.Application','RPT380',0,'4S121',1,',1,2,6,8,9,10,11,12,13,14,15',-1,1,'','','',0,0,'','0','report');
delete t_DataFlowDetailFunc where FDetailFuncID=802010208
Insert into t_DataFlowDetailFunc(FDetailFuncID,FFuncName,FFuncName_CHT,FFuncName_EN,FSubFuncID,FIndex,FClassName,FClassParam,FIsNormal,FHelpCode,FVisible,FAcctType,FFuncType,FEnable,FShowName,FShowName_CHT,FShowName_EN,FIsEdit,FShowSysType,FUrl,FUrlType,FFuncType_Ex) values (802010208,'供应商准时交货分析表','供应商准时交货分析表','供应商准时交货分析表',8020102,8,'K3Purchase.Application','RPT381',0,'4S122',1,',1,2,6,8,9,10,11,12,13,14,15',-1,1,'','','',0,0,'','0','report');
delete t_DataFlowDetailFunc where FDetailFuncID=802010209
Insert into t_DataFlowDetailFunc(FDetailFuncID,FFuncName,FFuncName_CHT,FFuncName_EN,FSubFuncID,FIndex,FClassName,FClassParam,FIsNormal,FHelpCode,FVisible,FAcctType,FFuncType,FEnable,FShowName,FShowName_CHT,FShowName_EN,FIsEdit,FShowSysType,FUrl,FUrlType,FFuncType_Ex) values (802010209,'供应商价格趋势分析表','供应商价格趋势分析表','供应商价格趋势分析表',8020102,9,'K3Purchase.Application','RPT380',0,'4S123',1,',1,2,6,8,9,10,11,12,13,14,15',-1,1,'','','',0,0,'','0','report');
delete t_DataFlowDetailFunc where FDetailFuncID=802020101
Insert into t_DataFlowDetailFunc(FDetailFuncID,FFuncName,FFuncName_CHT,FFuncName_EN,FSubFuncID,FIndex,FClassName,FClassParam,FIsNormal,FHelpCode,FVisible,FAcctType,FFuncType,FEnable,FShowName,FShowName_CHT,FShowName_EN,FIsEdit,FShowSysType,FUrl,FUrlType,FFuncType_Ex) values (802020101,'采购入库单 - 维护','采购入库单 - 维护','采购入库单 - 维护',8020201,1,'K3Purchase.Application','Opt1014601',0,'4S124',1,'',0,1,null,null,null,1,1,'','newtab','list');
delete t_DataFlowDetailFunc where FDetailFuncID=802020102
Insert into t_DataFlowDetailFunc(FDetailFuncID,FFuncName,FFuncName_CHT,FFuncName_EN,FSubFuncID,FIndex,FClassName,FClassParam,FIsNormal,FHelpCode,FVisible,FAcctType,FFuncType,FEnable,FShowName,FShowName_CHT,FShowName_EN,FIsEdit,FShowSysType,FUrl,FUrlType,FFuncType_Ex) values (802020102,'采购入库单 - 新增','采购入库单 - 新增','采购入库单 - 新增',8020201,2,'K3Purchase.Application','Opt10110',0,'4S125',1,'',0,1,null,null,null,1,1,'','newtab','base');
delete t_DataFlowDetailFunc where FDetailFuncID=802020103
Insert into t_DataFlowDetailFunc(FDetailFuncID,FFuncName,FFuncName_CHT,FFuncName_EN,FSubFuncID,FIndex,FClassName,FClassParam,FIsNormal,FHelpCode,FVisible,FAcctType,FFuncType,FEnable,FShowName,FShowName_CHT,FShowName_EN,FIsEdit,FShowSysType,FUrl,FUrlType,FFuncType_Ex) values (802020103,'其他入库 - 维护','其他入 - So','Miscellaneous Receipt - Maintain',8020201,3,'K3Stock.Application','Opt1014604',0,'4S126',1,',1,2,3,9,10,11,12,13,',-1,1,'','','',0,0,'','','list');
delete t_DataFlowDetailFunc where FDetailFuncID=802020104
Insert into t_DataFlowDetailFunc(FDetailFuncID,FFuncName,FFuncName_CHT,FFuncName_EN,FSubFuncID,FIndex,FClassName,FClassParam,FIsNormal,FHelpCode,FVisible,FAcctType,FFuncType,FEnable,FShowName,FShowName_CHT,FShowName_EN,FIsEdit,FShowSysType,FUrl,FUrlType,FFuncType_Ex) values (802020104,'其他入库 - 新增','其他入 - 新增','Miscellaneous Receipt - New',8020201,4,'K3Stock.Application','Opt1011004',0,'4S127',1,',1,2,3,9,10,11,12,13,',-1,1,'','','',0,0,'','','bill');
delete t_DataFlowDetailFunc where FDetailFuncID=802020105
Insert into t_DataFlowDetailFunc(FDetailFuncID,FFuncName,FFuncName_CHT,FFuncName_EN,FSubFuncID,FIndex,FClassName,FClassParam,FIsNormal,FHelpCode,FVisible,FAcctType,FFuncType,FEnable,FShowName,FShowName_CHT,FShowName_EN,FIsEdit,FShowSysType,FUrl,FUrlType,FFuncType_Ex) values (802020105,'调拨单 - 维护','调拨单 - 维护','调拨单 - 维护',8020201,5,'K3Stock.Application','Opt10148',0,'4S128',1,'',0,1,null,null,null,1,1,'','newtab','list');
delete t_DataFlowDetailFunc where FDetailFuncID=802020106
Insert into t_DataFlowDetailFunc(FDetailFuncID,FFuncName,FFuncName_CHT,FFuncName_EN,FSubFuncID,FIndex,FClassName,FClassParam,FIsNormal,FHelpCode,FVisible,FAcctType,FFuncType,FEnable,FShowName,FShowName_CHT,FShowName_EN,FIsEdit,FShowSysType,FUrl,FUrlType,FFuncType_Ex) values (802020106,'调拨单 - 新增','调拨单 - 新增','调拨单 - 新增',8020201,6,'K3Stock.Application','Opt10120',0,'4S129',1,'',0,1,null,null,null,1,1,'','newtab','base');
delete t_DataFlowDetailFunc where FDetailFuncID=802020201
Insert into t_DataFlowDetailFunc(FDetailFuncID,FFuncName,FFuncName_CHT,FFuncName_EN,FSubFuncID,FIndex,FClassName,FClassParam,FIsNormal,FHelpCode,FVisible,FAcctType,FFuncType,FEnable,FShowName,FShowName_CHT,FShowName_EN,FIsEdit,FShowSysType,FUrl,FUrlType,FFuncType_Ex) values (802020201,'销售出库 - 新增','N售出 - 新增','Sales Delivery - New',8020202,1,'K3Stock.Application','Opt1011501',0,'4S130',1,',1,2,3,9,10,11,12,13,',-1,1,'','','',0,0,'','','bill');
delete t_DataFlowDetailFunc where FDetailFuncID=802020202
Insert into t_DataFlowDetailFunc(FDetailFuncID,FFuncName,FFuncName_CHT,FFuncName_EN,FSubFuncID,FIndex,FClassName,FClassParam,FIsNormal,FHelpCode,FVisible,FAcctType,FFuncType,FEnable,FShowName,FShowName_CHT,FShowName_EN,FIsEdit,FShowSysType,FUrl,FUrlType,FFuncType_Ex) values (802020202,'销售出库 - 维护','N售出 - So','Sales Delivery - Maintain',8020202,2,'K3Stock.Application','Opt1014701',0,'4S131',1,',1,2,3,9,10,11,12,13,',-1,1,'','','',0,0,'','','list');
delete t_DataFlowDetailFunc where FDetailFuncID=802020203
Insert into t_DataFlowDetailFunc(FDetailFuncID,FFuncName,FFuncName_CHT,FFuncName_EN,FSubFuncID,FIndex,FClassName,FClassParam,FIsNormal,FHelpCode,FVisible,FAcctType,FFuncType,FEnable,FShowName,FShowName_CHT,FShowName_EN,FIsEdit,FShowSysType,FUrl,FUrlType,FFuncType_Ex) values (802020203,'其他出库单 - 维护','其他出库单 - 维护','其他出库单 - 维护',8020202,3,'K3Stock.Application','Opt1014704',0,'4S132',1,'',0,1,null,null,null,1,1,'','newtab','list');
delete t_DataFlowDetailFunc where FDetailFuncID=802020204
Insert into t_DataFlowDetailFunc(FDetailFuncID,FFuncName,FFuncName_CHT,FFuncName_EN,FSubFuncID,FIndex,FClassName,FClassParam,FIsNormal,FHelpCode,FVisible,FAcctType,FFuncType,FEnable,FShowName,FShowName_CHT,FShowName_EN,FIsEdit,FShowSysType,FUrl,FUrlType,FFuncType_Ex) values (802020204,'其他出库单 - 新增','其他出库单 - 新增','其他出库单 - 新增',8020202,4,'K3Stock.Application','Opt1011504',0,'4S133',1,'',0,1,null,null,null,1,1,'','newtab','base');
delete t_DataFlowDetailFunc where FDetailFuncID=802020205
Insert into t_DataFlowDetailFunc(FDetailFuncID,FFuncName,FFuncName_CHT,FFuncName_EN,FSubFuncID,FIndex,FClassName,FClassParam,FIsNormal,FHelpCode,FVisible,FAcctType,FFuncType,FEnable,FShowName,FShowName_CHT,FShowName_EN,FIsEdit,FShowSysType,FUrl,FUrlType,FFuncType_Ex) values (802020205,'调拨单 - 维护','调拨单 - 维护','调拨单 - 维护',8020202,5,'K3Stock.Application','Opt10148',0,'4S134',1,'',0,1,null,null,null,1,1,'','newtab','list');
delete t_DataFlowDetailFunc where FDetailFuncID=802020206
Insert into t_DataFlowDetailFunc(FDetailFuncID,FFuncName,FFuncName_CHT,FFuncName_EN,FSubFuncID,FIndex,FClassName,FClassParam,FIsNormal,FHelpCode,FVisible,FAcctType,FFuncType,FEnable,FShowName,FShowName_CHT,FShowName_EN,FIsEdit,FShowSysType,FUrl,FUrlType,FFuncType_Ex) values (802020206,'调拨单 - 新增','调拨单 - 新增','调拨单 - 新增',8020202,6,'K3Stock.Application','Opt10120',0,'4S135',1,'',0,1,null,null,null,1,1,'','newtab','base');
delete t_DataFlowDetailFunc where FDetailFuncID=802020207
Insert into t_DataFlowDetailFunc(FDetailFuncID,FFuncName,FFuncName_CHT,FFuncName_EN,FSubFuncID,FIndex,FClassName,FClassParam,FIsNormal,FHelpCode,FVisible,FAcctType,FFuncType,FEnable,FShowName,FShowName_CHT,FShowName_EN,FIsEdit,FShowSysType,FUrl,FUrlType,FFuncType_Ex) values (802020207,'生产领料 - 新增','生aI料 - 新增','Picking List - New',8020202,7,'K3Stock.Application','Opt1011502',0,'4S136',1,',1,2,3,9,10,11,12,13,',-1,1,'','','',0,0,'','','bill');
delete t_DataFlowDetailFunc where FDetailFuncID=802020208
Insert into t_DataFlowDetailFunc(FDetailFuncID,FFuncName,FFuncName_CHT,FFuncName_EN,FSubFuncID,FIndex,FClassName,FClassParam,FIsNormal,FHelpCode,FVisible,FAcctType,FFuncType,FEnable,FShowName,FShowName_CHT,FShowName_EN,FIsEdit,FShowSysType,FUrl,FUrlType,FFuncType_Ex) values (802020208,'生产领料 - 维护','生aI料 - So','Picking List - Maintain',8020202,8,'K3Stock.Application','Opt1014702',0,'4S137',1,',1,2,3,9,10,11,12,13,',-1,1,'','','',0,0,'','','list');
delete t_DataFlowDetailFunc where FDetailFuncID=802020301
Insert into t_DataFlowDetailFunc(FDetailFuncID,FFuncName,FFuncName_CHT,FFuncName_EN,FSubFuncID,FIndex,FClassName,FClassParam,FIsNormal,FHelpCode,FVisible,FAcctType,FFuncType,FEnable,FShowName,FShowName_CHT,FShowName_EN,FIsEdit,FShowSysType,FUrl,FUrlType,FFuncType_Ex) values (802020301,'调拨单 - 维护','调拨单 - 维护','调拨单 - 维护',8020203,5,'K3Stock.Application','Opt10148',0,'4S138',1,'',0,1,null,null,null,1,1,'','newtab','list');
delete t_DataFlowDetailFunc where FDetailFuncID=802020302
Insert into t_DataFlowDetailFunc(FDetailFuncID,FFuncName,FFuncName_CHT,FFuncName_EN,FSubFuncID,FIndex,FClassName,FClassParam,FIsNormal,FHelpCode,FVisible,FAcctType,FFuncType,FEnable,FShowName,FShowName_CHT,FShowName_EN,FIsEdit,FShowSysType,FUrl,FUrlType,FFuncType_Ex) values (802020302,'调拨单 - 新增','调拨单 - 新增','调拨单 - 新增',8020203,6,'K3Stock.Application','Opt10120',0,'4S139',1,'',0,1,null,null,null,1,1,'','newtab','base');
delete t_DataFlowDetailFunc where FDetailFuncID=802020401
Insert into t_DataFlowDetailFunc(FDetailFuncID,FFuncName,FFuncName_CHT,FFuncName_EN,FSubFuncID,FIndex,FClassName,FClassParam,FIsNormal,FHelpCode,FVisible,FAcctType,FFuncType,FEnable,FShowName,FShowName_CHT,FShowName_EN,FIsEdit,FShowSysType,FUrl,FUrlType,FFuncType_Ex) values (802020401,'盘点方案 - 维护','Pc方案 - So','Physical Counting Scheme - Maintain',8020204,1,'K3Stock.Application','Opt10130',0,'4S140',1,',1,2,3,9,10,11,12,13,',-1,1,'','','',0,0,'','','list');
delete t_DataFlowDetailFunc where FDetailFuncID=802020402
Insert into t_DataFlowDetailFunc(FDetailFuncID,FFuncName,FFuncName_CHT,FFuncName_EN,FSubFuncID,FIndex,FClassName,FClassParam,FIsNormal,FHelpCode,FVisible,FAcctType,FFuncType,FEnable,FShowName,FShowName_CHT,FShowName_EN,FIsEdit,FShowSysType,FUrl,FUrlType,FFuncType_Ex) values (802020402,'盘点方案 - 新建','Pc方案 - 新建','Physical Counting Scheme - New',8020204,2,'K3Stock.Application','Opt10131',0,'4S141',1,',1,2,3,9,10,11,12,13,',-1,1,'','','',0,0,'','','bill');
delete t_DataFlowDetailFunc where FDetailFuncID=802020403
Insert into t_DataFlowDetailFunc(FDetailFuncID,FFuncName,FFuncName_CHT,FFuncName_EN,FSubFuncID,FIndex,FClassName,FClassParam,FIsNormal,FHelpCode,FVisible,FAcctType,FFuncType,FEnable,FShowName,FShowName_CHT,FShowName_EN,FIsEdit,FShowSysType,FUrl,FUrlType,FFuncType_Ex) values (802020403,'盘点表打印','Pc表列印','Print Physical Counting Report',8020204,3,'K3Stock.Application','Opt10135',0,'4S142',1,',1,2,3,9,10,11,12,13,',-1,1,'','','',0,0,'','','list');
delete t_DataFlowDetailFunc where FDetailFuncID=802020404
Insert into t_DataFlowDetailFunc(FDetailFuncID,FFuncName,FFuncName_CHT,FFuncName_EN,FSubFuncID,FIndex,FClassName,FClassParam,FIsNormal,FHelpCode,FVisible,FAcctType,FFuncType,FEnable,FShowName,FShowName_CHT,FShowName_EN,FIsEdit,FShowSysType,FUrl,FUrlType,FFuncType_Ex) values (802020404,'盘点数据录入','PcY料入','New Physical Counting Data',8020204,4,'K3Stock.Application','Opt10140',0,'4S143',1,',1,2,3,9,10,11,12,13,',-1,1,'','','',0,0,'','','bill');
delete t_DataFlowDetailFunc where FDetailFuncID=802020405
Insert into t_DataFlowDetailFunc(FDetailFuncID,FFuncName,FFuncName_CHT,FFuncName_EN,FSubFuncID,FIndex,FClassName,FClassParam,FIsNormal,FHelpCode,FVisible,FAcctType,FFuncType,FEnable,FShowName,FShowName_CHT,FShowName_EN,FIsEdit,FShowSysType,FUrl,FUrlType,FFuncType_Ex) values (802020405,'编制盘点报告','制Pc蟾','Prepare Counting Report',8020204,5,'K3Stock.Application','Opt10145',0,'4S144',1,',1,2,3,9,10,11,12,13,',-1,1,'','','',0,0,'','','list');
delete t_DataFlowDetailFunc where FDetailFuncID=802020406
Insert into t_DataFlowDetailFunc(FDetailFuncID,FFuncName,FFuncName_CHT,FFuncName_EN,FSubFuncID,FIndex,FClassName,FClassParam,FIsNormal,FHelpCode,FVisible,FAcctType,FFuncType,FEnable,FShowName,FShowName_CHT,FShowName_EN,FIsEdit,FShowSysType,FUrl,FUrlType,FFuncType_Ex) values (802020406,'盘盈入库 - 新增','P盈入 - 新增','Inventory Gain - New',8020204,6,'K3Stock.Application','Opt1012501',0,'4S145',1,',1,2,3,9,10,11,12,13,',-1,1,'','','',0,0,'','','bill');
delete t_DataFlowDetailFunc where FDetailFuncID=802020407
Insert into t_DataFlowDetailFunc(FDetailFuncID,FFuncName,FFuncName_CHT,FFuncName_EN,FSubFuncID,FIndex,FClassName,FClassParam,FIsNormal,FHelpCode,FVisible,FAcctType,FFuncType,FEnable,FShowName,FShowName_CHT,FShowName_EN,FIsEdit,FShowSysType,FUrl,FUrlType,FFuncType_Ex) values (802020407,'盘盈入库 - 维护','P盈入 - So','Inventory Gain - Maintain',8020204,7,'K3Stock.Application','Opt1014901',0,'4S146',1,',1,2,3,9,10,11,12,13,',-1,1,'','','',0,0,'','','list');
delete t_DataFlowDetailFunc where FDetailFuncID=802020408
Insert into t_DataFlowDetailFunc(FDetailFuncID,FFuncName,FFuncName_CHT,FFuncName_EN,FSubFuncID,FIndex,FClassName,FClassParam,FIsNormal,FHelpCode,FVisible,FAcctType,FFuncType,FEnable,FShowName,FShowName_CHT,FShowName_EN,FIsEdit,FShowSysType,FUrl,FUrlType,FFuncType_Ex) values (802020408,'盘亏毁损 - 新增','Pp - 新增','Inventory Loss - New',8020204,8,'K3Stock.Application','Opt1012502',0,'4S147',1,',1,2,3,9,10,11,12,13,',-1,1,'','','',0,0,'','','bill');
delete t_DataFlowDetailFunc where FDetailFuncID=802020409
Insert into t_DataFlowDetailFunc(FDetailFuncID,FFuncName,FFuncName_CHT,FFuncName_EN,FSubFuncID,FIndex,FClassName,FClassParam,FIsNormal,FHelpCode,FVisible,FAcctType,FFuncType,FEnable,FShowName,FShowName_CHT,FShowName_EN,FIsEdit,FShowSysType,FUrl,FUrlType,FFuncType_Ex) values (802020409,'盘亏毁损 - 维护','Pp - So','Inventory Loss - Maintain',8020204,9,'K3Stock.Application','Opt1014902',0,'4S148',1,',1,2,3,9,10,11,12,13,',-1,1,'','','',0,0,'','','list');
delete t_DataFlowDetailFunc where FDetailFuncID=802020501
Insert into t_DataFlowDetailFunc(FDetailFuncID,FFuncName,FFuncName_CHT,FFuncName_EN,FSubFuncID,FIndex,FClassName,FClassParam,FIsNormal,FHelpCode,FVisible,FAcctType,FFuncType,FEnable,FShowName,FShowName_CHT,FShowName_EN,FIsEdit,FShowSysType,FUrl,FUrlType,FFuncType_Ex) values (802020501,'即时库存查询','即时库存查询','即时库存查询',8020205,1,'K3Purchase.Application','Opt800000',0,'4S149',1,',1,2,3,9,10,11,12,13,',-1,1,'','','',0,0,'','','report');
delete t_DataFlowDetailFunc where FDetailFuncID=802020502
Insert into t_DataFlowDetailFunc(FDetailFuncID,FFuncName,FFuncName_CHT,FFuncName_EN,FSubFuncID,FIndex,FClassName,FClassParam,FIsNormal,FHelpCode,FVisible,FAcctType,FFuncType,FEnable,FShowName,FShowName_CHT,FShowName_EN,FIsEdit,FShowSysType,FUrl,FUrlType,FFuncType_Ex) values (802020502,'库存状态查询','库存状态查询','库存状态查询',8020205,2,'K3Purchase.Application','Opt800005',0,'4S150',1,',1,2,3,9,10,11,12,13,',-1,1,'','','',0,0,'','','report');
delete t_DataFlowDetailFunc where FDetailFuncID=802020601
Insert into t_DataFlowDetailFunc(FDetailFuncID,FFuncName,FFuncName_CHT,FFuncName_EN,FSubFuncID,FIndex,FClassName,FClassParam,FIsNormal,FHelpCode,FVisible,FAcctType,FFuncType,FEnable,FShowName,FShowName_CHT,FShowName_EN,FIsEdit,FShowSysType,FUrl,FUrlType,FFuncType_Ex) values (802020601,'库存台账','库存台账','库存台账',8020206,1,'K3Stock.Application','Rpt100',0,'4S151',1,',1,2,3,9,10,11,12,13,',-1,1,'','','',0,0,'','','report');
delete t_DataFlowDetailFunc where FDetailFuncID=802020602
Insert into t_DataFlowDetailFunc(FDetailFuncID,FFuncName,FFuncName_CHT,FFuncName_EN,FSubFuncID,FIndex,FClassName,FClassParam,FIsNormal,FHelpCode,FVisible,FAcctType,FFuncType,FEnable,FShowName,FShowName_CHT,FShowName_EN,FIsEdit,FShowSysType,FUrl,FUrlType,FFuncType_Ex) values (802020602,'出入库流水账','出入库流水账','出入库流水账',8020206,2,'K3Stock.Application','Rpt101',0,'4S152',1,',1,2,3,9,10,11,12,13,',-1,1,'','','',0,0,'','','report');
delete t_DataFlowDetailFunc where FDetailFuncID=802020603
Insert into t_DataFlowDetailFunc(FDetailFuncID,FFuncName,FFuncName_CHT,FFuncName_EN,FSubFuncID,FIndex,FClassName,FClassParam,FIsNormal,FHelpCode,FVisible,FAcctType,FFuncType,FEnable,FShowName,FShowName_CHT,FShowName_EN,FIsEdit,FShowSysType,FUrl,FUrlType,FFuncType_Ex) values (802020603,'物料收发汇总表','物料收发汇总表','物料收发汇总表',8020206,3,'K3Stock.Application','Rpt105',0,'4S153',1,',1,2,3,9,10,11,12,13,',-1,1,'','','',0,0,'','','report');
delete t_DataFlowDetailFunc where FDetailFuncID=802020604
Insert into t_DataFlowDetailFunc(FDetailFuncID,FFuncName,FFuncName_CHT,FFuncName_EN,FSubFuncID,FIndex,FClassName,FClassParam,FIsNormal,FHelpCode,FVisible,FAcctType,FFuncType,FEnable,FShowName,FShowName_CHT,FShowName_EN,FIsEdit,FShowSysType,FUrl,FUrlType,FFuncType_Ex) values (802020604,'物料收发明细表','物料收发明细表','物料收发明细表',8020206,4,'K3Stock.Application','Rpt106',0,'4S154',1,',1,2,3,9,10,11,12,13,',-1,1,'','','',0,0,'','','report');
delete t_DataFlowDetailFunc where FDetailFuncID=802020605
Insert into t_DataFlowDetailFunc(FDetailFuncID,FFuncName,FFuncName_CHT,FFuncName_EN,FSubFuncID,FIndex,FClassName,FClassParam,FIsNormal,FHelpCode,FVisible,FAcctType,FFuncType,FEnable,FShowName,FShowName_CHT,FShowName_EN,FIsEdit,FShowSysType,FUrl,FUrlType,FFuncType_Ex) values (802020605,'安全库存预警分析表','安全库存预警分析表','安全库存预警分析表',8020206,5,'K3Stock.Application','Rpt111',0,'4S155',1,',1,2,3,9,10,11,12,13,',-1,1,'','','',0,0,'','','report');
delete t_DataFlowDetailFunc where FDetailFuncID=802020606
Insert into t_DataFlowDetailFunc(FDetailFuncID,FFuncName,FFuncName_CHT,FFuncName_EN,FSubFuncID,FIndex,FClassName,FClassParam,FIsNormal,FHelpCode,FVisible,FAcctType,FFuncType,FEnable,FShowName,FShowName_CHT,FShowName_EN,FIsEdit,FShowSysType,FUrl,FUrlType,FFuncType_Ex) values (802020606,'超储/短缺库存分析表','超储/短缺库存分析表','超储/短缺库存分析表',8020206,6,'K3Stock.Application','Rpt112',0,'4S156',1,',1,2,3,9,10,11,12,13,',-1,1,'','','',0,0,'','','report');
delete t_DataFlowDetailFunc where FDetailFuncID=802020607
Insert into t_DataFlowDetailFunc(FDetailFuncID,FFuncName,FFuncName_CHT,FFuncName_EN,FSubFuncID,FIndex,FClassName,FClassParam,FIsNormal,FHelpCode,FVisible,FAcctType,FFuncType,FEnable,FShowName,FShowName_CHT,FShowName_EN,FIsEdit,FShowSysType,FUrl,FUrlType,FFuncType_Ex) values (802020607,'库存账龄分析表','库存账龄分析表','库存账龄分析表',8020206,7,'K3Stock.Application','Rpt114',0,'4S157',1,',1,2,3,9,10,11,12,13,',-1,1,'','','',0,0,'','','report');
delete t_DataFlowDetailFunc where FDetailFuncID=802020608
Insert into t_DataFlowDetailFunc(FDetailFuncID,FFuncName,FFuncName_CHT,FFuncName_EN,FSubFuncID,FIndex,FClassName,FClassParam,FIsNormal,FHelpCode,FVisible,FAcctType,FFuncType,FEnable,FShowName,FShowName_CHT,FShowName_EN,FIsEdit,FShowSysType,FUrl,FUrlType,FFuncType_Ex) values (802020608,'库存ABC分析','库存ABC分析','库存ABC分析',8020206,8,'K3Stock.Application','Rpt112',0,'4S158',1,',1,2,3,9,10,11,12,13,',-1,1,'','','',0,0,'','','report');
delete t_DataFlowDetailFunc where FDetailFuncID=802020609
Insert into t_DataFlowDetailFunc(FDetailFuncID,FFuncName,FFuncName_CHT,FFuncName_EN,FSubFuncID,FIndex,FClassName,FClassParam,FIsNormal,FHelpCode,FVisible,FAcctType,FFuncType,FEnable,FShowName,FShowName_CHT,FShowName_EN,FIsEdit,FShowSysType,FUrl,FUrlType,FFuncType_Ex) values (802020609,'库存呆滞分析表','库存呆滞分析表','库存呆滞分析表',8020206,9,'XXXXX','XXXXX',0,'4S159',1,'',0,1,null,null,null,1,1,'','newtab','base');
delete t_DataFlowDetailFunc where FDetailFuncID=802030101
Insert into t_DataFlowDetailFunc(FDetailFuncID,FFuncName,FFuncName_CHT,FFuncName_EN,FSubFuncID,FIndex,FClassName,FClassParam,FIsNormal,FHelpCode,FVisible,FAcctType,FFuncType,FEnable,FShowName,FShowName_CHT,FShowName_EN,FIsEdit,FShowSysType,FUrl,FUrlType,FFuncType_Ex) values (802030101,'销售订单 - 维护','销售订单 - 维护','销售订单 - 维护',8020301,1,'K3BOSActive.Application','List|200000054',0,'4S160',1,'',0,1,null,null,null,1,1,'','newtab','list');
delete t_DataFlowDetailFunc where FDetailFuncID=802030102
Insert into t_DataFlowDetailFunc(FDetailFuncID,FFuncName,FFuncName_CHT,FFuncName_EN,FSubFuncID,FIndex,FClassName,FClassParam,FIsNormal,FHelpCode,FVisible,FAcctType,FFuncType,FEnable,FShowName,FShowName_CHT,FShowName_EN,FIsEdit,FShowSysType,FUrl,FUrlType,FFuncType_Ex) values (802030102,'销售订单 - 新增','销售订单 - 新增','销售订单 - 新增',8020301,2,'K3BOSActive.Application','Bill|200000054',0,'4S161',1,'',0,1,null,null,null,1,1,'','newtab','base');
delete t_DataFlowDetailFunc where FDetailFuncID=802030103
Insert into t_DataFlowDetailFunc(FDetailFuncID,FFuncName,FFuncName_CHT,FFuncName_EN,FSubFuncID,FIndex,FClassName,FClassParam,FIsNormal,FHelpCode,FVisible,FAcctType,FFuncType,FEnable,FShowName,FShowName_CHT,FShowName_EN,FIsEdit,FShowSysType,FUrl,FUrlType,FFuncType_Ex) values (802030103,'精品加装单 - 维护','精品加装单 - 维护','精品加装单 - 维护',8020301,3,'K3BOSActive.Application','List|200000058',0,'4S162',1,'',0,1,null,null,null,1,1,'','newtab','list');
delete t_DataFlowDetailFunc where FDetailFuncID=802030104
Insert into t_DataFlowDetailFunc(FDetailFuncID,FFuncName,FFuncName_CHT,FFuncName_EN,FSubFuncID,FIndex,FClassName,FClassParam,FIsNormal,FHelpCode,FVisible,FAcctType,FFuncType,FEnable,FShowName,FShowName_CHT,FShowName_EN,FIsEdit,FShowSysType,FUrl,FUrlType,FFuncType_Ex) values (802030104,'精品加装单 - 新增','精品加装单 - 新增','精品加装单 - 新增',8020301,4,'K3BOSActive.Application','Bill|200000058',0,'4S163',1,'',0,1,null,null,null,1,1,'','newtab','base');
delete t_DataFlowDetailFunc where FDetailFuncID=802030201
Insert into t_DataFlowDetailFunc(FDetailFuncID,FFuncName,FFuncName_CHT,FFuncName_EN,FSubFuncID,FIndex,FClassName,FClassParam,FIsNormal,FHelpCode,FVisible,FAcctType,FFuncType,FEnable,FShowName,FShowName_CHT,FShowName_EN,FIsEdit,FShowSysType,FUrl,FUrlType,FFuncType_Ex) values (802030201,'销售毛利润表','N售毛利表','Sales Gross Income Statement',8020302,1,'K3SaleIn.Application','Rpt176',0,'4S164',1,',1,2,3,9,10,11,12,13,',-1,1,'','','',0,0,'','','report');
delete t_DataFlowDetailFunc where FDetailFuncID=802030202
Insert into t_DataFlowDetailFunc(FDetailFuncID,FFuncName,FFuncName_CHT,FFuncName_EN,FSubFuncID,FIndex,FClassName,FClassParam,FIsNormal,FHelpCode,FVisible,FAcctType,FFuncType,FEnable,FShowName,FShowName_CHT,FShowName_EN,FIsEdit,FShowSysType,FUrl,FUrlType,FFuncType_Ex) values (802030202,'产品销售增长分析','a品N售增L分析','Product Sales Growth Analysis',8020302,2,'K3SaleIn.Application','Rpt139',0,'4S165',1,',1,2,3,9,10,11,12,13,',-1,1,'','','',0,0,'','','report');
delete t_DataFlowDetailFunc where FDetailFuncID=802030203
Insert into t_DataFlowDetailFunc(FDetailFuncID,FFuncName,FFuncName_CHT,FFuncName_EN,FSubFuncID,FIndex,FClassName,FClassParam,FIsNormal,FHelpCode,FVisible,FAcctType,FFuncType,FEnable,FShowName,FShowName_CHT,FShowName_EN,FIsEdit,FShowSysType,FUrl,FUrlType,FFuncType_Ex) values (802030203,'业务员销售增长分析表','ITN售增L分析表','Seller Sales Growth Analysis',8020302,3,'K3SaleIn.Application','Rpt2012002',0,'4S166',1,',1,2,3,9,10,11,12,13,',-1,1,'','','',0,0,'','','report');
delete t_DataFlowDetailFunc where FDetailFuncID=802030204
Insert into t_DataFlowDetailFunc(FDetailFuncID,FFuncName,FFuncName_CHT,FFuncName_EN,FSubFuncID,FIndex,FClassName,FClassParam,FIsNormal,FHelpCode,FVisible,FAcctType,FFuncType,FEnable,FShowName,FShowName_CHT,FShowName_EN,FIsEdit,FShowSysType,FUrl,FUrlType,FFuncType_Ex) values (802030204,'部门销售增长分析表','部TN售增L分析表','Department Sales Growth Analysis',8020302,4,'K3SaleIn.Application','Rpt2012003',0,'4S167',1,',1,2,3,9,10,11,12,13,',-1,1,'','','',0,0,'','','report');
delete t_DataFlowDetailFunc where FDetailFuncID=802040101
Insert into t_DataFlowDetailFunc(FDetailFuncID,FFuncName,FFuncName_CHT,FFuncName_EN,FSubFuncID,FIndex,FClassName,FClassParam,FIsNormal,FHelpCode,FVisible,FAcctType,FFuncType,FEnable,FShowName,FShowName_CHT,FShowName_EN,FIsEdit,FShowSysType,FUrl,FUrlType,FFuncType_Ex) values (802040101,'期初余额调整','期初N~{整','Opening Balance Adjustment',8020401,1,'K3Calculate.application','OPT10285',0,'4S168',1,',1,2,3,9,10,11,12,13,',-1,1,'','','',0,0,'','','bill');
delete t_DataFlowDetailFunc where FDetailFuncID=802040102
Insert into t_DataFlowDetailFunc(FDetailFuncID,FFuncName,FFuncName_CHT,FFuncName_EN,FSubFuncID,FIndex,FClassName,FClassParam,FIsNormal,FHelpCode,FVisible,FAcctType,FFuncType,FEnable,FShowName,FShowName_CHT,FShowName_EN,FIsEdit,FShowSysType,FUrl,FUrlType,FFuncType_Ex) values (802040102,'成本调整单','成本{整','Cost Adjustment',8020401,3,'K3Calculate.application','OPT10286',0,'4S169',1,',1,2,3,9,10,11,12,13,',-1,1,'','','',0,0,'','','bill');
delete t_DataFlowDetailFunc where FDetailFuncID=802040103
Insert into t_DataFlowDetailFunc(FDetailFuncID,FFuncName,FFuncName_CHT,FFuncName_EN,FSubFuncID,FIndex,FClassName,FClassParam,FIsNormal,FHelpCode,FVisible,FAcctType,FFuncType,FEnable,FShowName,FShowName_CHT,FShowName_EN,FIsEdit,FShowSysType,FUrl,FUrlType,FFuncType_Ex) values (802040103,'出库核算异常余额汇报表','出旌怂惝常N~蟊','Abnormal Delivery Accounting Balance Report',8020401,4,'K3Calculate.application','Rpt2168',0,'4S170',1,',1,2,3,9,10,11,12,13,',-1,1,'','','',0,0,'','','report');
delete t_DataFlowDetailFunc where FDetailFuncID=802040104
Insert into t_DataFlowDetailFunc(FDetailFuncID,FFuncName,FFuncName_CHT,FFuncName_EN,FSubFuncID,FIndex,FClassName,FClassParam,FIsNormal,FHelpCode,FVisible,FAcctType,FFuncType,FEnable,FShowName,FShowName_CHT,FShowName_EN,FIsEdit,FShowSysType,FUrl,FUrlType,FFuncType_Ex) values (802040104,'期初仓存异常余额汇报表','期初}存常N~蟊','Abnormal Opening Inventory Balance Report',8020401,2,'K3Calculate.application','Rpt2169',0,'4S171',1,',1,2,3,9,10,11,12,13,',-1,1,'','','',0,0,'','','report');
delete t_DataFlowDetailFunc where FDetailFuncID=802040201
Insert into t_DataFlowDetailFunc(FDetailFuncID,FFuncName,FFuncName_CHT,FFuncName_EN,FSubFuncID,FIndex,FClassName,FClassParam,FIsNormal,FHelpCode,FVisible,FAcctType,FFuncType,FEnable,FShowName,FShowName_CHT,FShowName_EN,FIsEdit,FShowSysType,FUrl,FUrlType,FFuncType_Ex) values (802040201,'外购入库核算','外入旌怂','Purchase Receipt Accounting',8020402,1,'K3Calculate.application','OPT10210',0,'4S172',1,',1,2,3,9,10,11,12,13,',-1,1,'','','',0,0,'','','function');
delete t_DataFlowDetailFunc where FDetailFuncID=802040202
Insert into t_DataFlowDetailFunc(FDetailFuncID,FFuncName,FFuncName_CHT,FFuncName_EN,FSubFuncID,FIndex,FClassName,FClassParam,FIsNormal,FHelpCode,FVisible,FAcctType,FFuncType,FEnable,FShowName,FShowName_CHT,FShowName_EN,FIsEdit,FShowSysType,FUrl,FUrlType,FFuncType_Ex) values (802040202,'存货估价入账','存估r入~','Inventory Valuation Booking',8020402,2,'K3Calculate.application','OPT10215',0,'4S173',1,',1,2,3,9,10,11,12,13,',-1,1,'','','',0,0,'','','report');
delete t_DataFlowDetailFunc where FDetailFuncID=802040203
Insert into t_DataFlowDetailFunc(FDetailFuncID,FFuncName,FFuncName_CHT,FFuncName_EN,FSubFuncID,FIndex,FClassName,FClassParam,FIsNormal,FHelpCode,FVisible,FAcctType,FFuncType,FEnable,FShowName,FShowName_CHT,FShowName_EN,FIsEdit,FShowSysType,FUrl,FUrlType,FFuncType_Ex) values (802040203,'自制入库核算','自u入旌怂','Receipt Accounting of Self-made Product',8020402,3,'K3Calculate.application','OPT10220',0,'4S174',1,',1,2,3,9,10,11,12,13,',-1,1,'','','',0,0,'','','function');
delete t_DataFlowDetailFunc where FDetailFuncID=802040204
Insert into t_DataFlowDetailFunc(FDetailFuncID,FFuncName,FFuncName_CHT,FFuncName_EN,FSubFuncID,FIndex,FClassName,FClassParam,FIsNormal,FHelpCode,FVisible,FAcctType,FFuncType,FEnable,FShowName,FShowName_CHT,FShowName_EN,FIsEdit,FShowSysType,FUrl,FUrlType,FFuncType_Ex) values (802040204,'其他入库核算','其他入旌怂','Misc. Receipt Accounting',8020402,4,'K3Calculate.application','OPT10225',0,'4S175',1,',1,2,3,9,10,11,12,13,',-1,1,'','','',0,0,'','','function');
delete t_DataFlowDetailFunc where FDetailFuncID=802040205
Insert into t_DataFlowDetailFunc(FDetailFuncID,FFuncName,FFuncName_CHT,FFuncName_EN,FSubFuncID,FIndex,FClassName,FClassParam,FIsNormal,FHelpCode,FVisible,FAcctType,FFuncType,FEnable,FShowName,FShowName_CHT,FShowName_EN,FIsEdit,FShowSysType,FUrl,FUrlType,FFuncType_Ex) values (802040205,'委外加工入库核算','委外加工入旌怂','Subcontract Receipt Accounting',8020402,5,'K3Calculate.application','OPT10226',0,'4S176',1,',1,2,3,9,10,11,12,13,',-1,1,'','','',0,0,'','','function');
delete t_DataFlowDetailFunc where FDetailFuncID=802040206
Insert into t_DataFlowDetailFunc(FDetailFuncID,FFuncName,FFuncName_CHT,FFuncName_EN,FSubFuncID,FIndex,FClassName,FClassParam,FIsNormal,FHelpCode,FVisible,FAcctType,FFuncType,FEnable,FShowName,FShowName_CHT,FShowName_EN,FIsEdit,FShowSysType,FUrl,FUrlType,FFuncType_Ex) values (802040206,'采购成本明细表','褓成本明表','Purchase Cost Details',8020402,8,'K3Calculate.application','Rpt1071',0,'4S177',1,',1,2,3,9,10,11,12,13,',-1,1,'','','',0,0,'','','report');
delete t_DataFlowDetailFunc where FDetailFuncID=802040207
Insert into t_DataFlowDetailFunc(FDetailFuncID,FFuncName,FFuncName_CHT,FFuncName_EN,FSubFuncID,FIndex,FClassName,FClassParam,FIsNormal,FHelpCode,FVisible,FAcctType,FFuncType,FEnable,FShowName,FShowName_CHT,FShowName_EN,FIsEdit,FShowSysType,FUrl,FUrlType,FFuncType_Ex) values (802040207,'采购成本汇总表','褓成本R表','Purchase Cost Summary',8020402,9,'K3Calculate.application','Rpt1072',0,'4S178',1,',1,2,3,9,10,11,12,13,',-1,1,'','','',0,0,'','','report');
delete t_DataFlowDetailFunc where FDetailFuncID=802040208
Insert into t_DataFlowDetailFunc(FDetailFuncID,FFuncName,FFuncName_CHT,FFuncName_EN,FSubFuncID,FIndex,FClassName,FClassParam,FIsNormal,FHelpCode,FVisible,FAcctType,FFuncType,FEnable,FShowName,FShowName_CHT,FShowName_EN,FIsEdit,FShowSysType,FUrl,FUrlType,FFuncType_Ex) values (802040208,'存货暂估明细账','存汗烂骷~','Inventory Estimation Subledger',8020402,10,'K3Calculate.application','Rpt1073',0,'4S179',1,',1,2,3,9,10,11,12,13,',-1,1,'','','',0,0,'','','report');
delete t_DataFlowDetailFunc where FDetailFuncID=802040209
Insert into t_DataFlowDetailFunc(FDetailFuncID,FFuncName,FFuncName_CHT,FFuncName_EN,FSubFuncID,FIndex,FClassName,FClassParam,FIsNormal,FHelpCode,FVisible,FAcctType,FFuncType,FEnable,FShowName,FShowName_CHT,FShowName_EN,FIsEdit,FShowSysType,FUrl,FUrlType,FFuncType_Ex) values (802040209,'存货暂估汇总表','存汗R表','Inventory Estimation Summary',8020402,11,'K3Calculate.application','Rpt1074',0,'4S180',1,',1,2,3,9,10,11,12,13,',-1,1,'','','',0,0,'','','report');
delete t_DataFlowDetailFunc where FDetailFuncID=802040210
Insert into t_DataFlowDetailFunc(FDetailFuncID,FFuncName,FFuncName_CHT,FFuncName_EN,FSubFuncID,FIndex,FClassName,FClassParam,FIsNormal,FHelpCode,FVisible,FAcctType,FFuncType,FEnable,FShowName,FShowName_CHT,FShowName_EN,FIsEdit,FShowSysType,FUrl,FUrlType,FFuncType_Ex) values (802040210,'进项税额汇总表','M~R表','Input Tax Summary',8020402,13,'K3Calculate.application','Rpt1076',0,'4S181',1,',1,2,3,9,10,11,12,13,',-1,1,'','','',0,0,'','','report');
delete t_DataFlowDetailFunc where FDetailFuncID=802040211
Insert into t_DataFlowDetailFunc(FDetailFuncID,FFuncName,FFuncName_CHT,FFuncName_EN,FSubFuncID,FIndex,FClassName,FClassParam,FIsNormal,FHelpCode,FVisible,FAcctType,FFuncType,FEnable,FShowName,FShowName_CHT,FShowName_EN,FIsEdit,FShowSysType,FUrl,FUrlType,FFuncType_Ex) values (802040211,'委外加工费暂估对比表','委外加工M汗Ρ缺','Subcontract Estimated Expense Adjustment Comparison',8020402,14,'K3Calculate.application','Rpt1078',0,'4S182',1,',1,2,3,9,10,11,12,13,',-1,1,'','','',0,0,'','','report');
delete t_DataFlowDetailFunc where FDetailFuncID=802040212
Insert into t_DataFlowDetailFunc(FDetailFuncID,FFuncName,FFuncName_CHT,FFuncName_EN,FSubFuncID,FIndex,FClassName,FClassParam,FIsNormal,FHelpCode,FVisible,FAcctType,FFuncType,FEnable,FShowName,FShowName_CHT,FShowName_EN,FIsEdit,FShowSysType,FUrl,FUrlType,FFuncType_Ex) values (802040212,'委外工序接收核算','委外工序接收核算','Subcontract Operation Receipt Accounting',8020402,6,'K3Calculate.application','Opt10227',0,'4S183',1,',1,2,3,4,9,10,11,12,13,',-1,1,'','','',0,0,'','','function');
delete t_DataFlowDetailFunc where FDetailFuncID=802040213
Insert into t_DataFlowDetailFunc(FDetailFuncID,FFuncName,FFuncName_CHT,FFuncName_EN,FSubFuncID,FIndex,FClassName,FClassParam,FIsNormal,FHelpCode,FVisible,FAcctType,FFuncType,FEnable,FShowName,FShowName_CHT,FShowName_EN,FIsEdit,FShowSysType,FUrl,FUrlType,FFuncType_Ex) values (802040213,'委外工序接收暂估','委外工序接收汗','Subcontract Operation Receipt Estimated Expense',8020402,7,'K3Calculate.application','OPT10228',0,'4S184',1,',1,2,3,4,9,10,11,12,13,',-1,1,'','','',0,0,'','','function');
delete t_DataFlowDetailFunc where FDetailFuncID=802040214
Insert into t_DataFlowDetailFunc(FDetailFuncID,FFuncName,FFuncName_CHT,FFuncName_EN,FSubFuncID,FIndex,FClassName,FClassParam,FIsNormal,FHelpCode,FVisible,FAcctType,FFuncType,FEnable,FShowName,FShowName_CHT,FShowName_EN,FIsEdit,FShowSysType,FUrl,FUrlType,FFuncType_Ex) values (802040214,'委外暂估明细账','委外汗烂骷~','Subcontract Estimation Subledger',8020402,12,'K3Calculate.application','Rpt1007105',0,'4S185',1,',1,2,3,9,10,11,12,13,',-1,1,'','','',0,0,'','','report');
delete t_DataFlowDetailFunc where FDetailFuncID=802040302
Insert into t_DataFlowDetailFunc(FDetailFuncID,FFuncName,FFuncName_CHT,FFuncName_EN,FSubFuncID,FIndex,FClassName,FClassParam,FIsNormal,FHelpCode,FVisible,FAcctType,FFuncType,FEnable,FShowName,FShowName_CHT,FShowName_EN,FIsEdit,FShowSysType,FUrl,FUrlType,FFuncType_Ex) values (802040302,'红字出库核算','t字出旌怂','Delivery Accounting (Red Ink)',8020403,2,'K3Calculate.application','OPT10241',0,'4S186',1,',1,2,3,9,10,11,12,13,',-1,1,'','','',0,0,'','','function');
delete t_DataFlowDetailFunc where FDetailFuncID=802040303
Insert into t_DataFlowDetailFunc(FDetailFuncID,FFuncName,FFuncName_CHT,FFuncName_EN,FSubFuncID,FIndex,FClassName,FClassParam,FIsNormal,FHelpCode,FVisible,FAcctType,FFuncType,FEnable,FShowName,FShowName_CHT,FShowName_EN,FIsEdit,FShowSysType,FUrl,FUrlType,FFuncType_Ex) values (802040303,'材料出库核算','材料出旌怂','Material Delivery Accounting',8020403,3,'K3Calculate.application','OPT10230',0,'4S187',1,',1,2,3,9,10,11,12,13,',-1,1,'','','',0,0,'','','function');
delete t_DataFlowDetailFunc where FDetailFuncID=802040304
Insert into t_DataFlowDetailFunc(FDetailFuncID,FFuncName,FFuncName_CHT,FFuncName_EN,FSubFuncID,FIndex,FClassName,FClassParam,FIsNormal,FHelpCode,FVisible,FAcctType,FFuncType,FEnable,FShowName,FShowName_CHT,FShowName_EN,FIsEdit,FShowSysType,FUrl,FUrlType,FFuncType_Ex) values (802040304,'产成品出库核算','a成品出旌怂','Finished Product Delivery Accounting',8020403,4,'K3Calculate.application','OPT10235',0,'4S188',1,',1,2,3,9,10,11,12,13,',-1,1,'','','',0,0,'','','function');
delete t_DataFlowDetailFunc where FDetailFuncID=802040305
Insert into t_DataFlowDetailFunc(FDetailFuncID,FFuncName,FFuncName_CHT,FFuncName_EN,FSubFuncID,FIndex,FClassName,FClassParam,FIsNormal,FHelpCode,FVisible,FAcctType,FFuncType,FEnable,FShowName,FShowName_CHT,FShowName_EN,FIsEdit,FShowSysType,FUrl,FUrlType,FFuncType_Ex) values (802040305,'不确定单价单据维护','不_定rSo','Maintain Doc with Zero U/P',8020403,5,'K3Calculate.application','OPT10240',0,'4S189',1,',1,2,3,9,10,11,12,13,',-1,1,'','','',0,0,'','','list');
delete t_DataFlowDetailFunc where FDetailFuncID=802040306
Insert into t_DataFlowDetailFunc(FDetailFuncID,FFuncName,FFuncName_CHT,FFuncName_EN,FSubFuncID,FIndex,FClassName,FClassParam,FIsNormal,FHelpCode,FVisible,FAcctType,FFuncType,FEnable,FShowName,FShowName_CHT,FShowName_EN,FIsEdit,FShowSysType,FUrl,FUrlType,FFuncType_Ex) values (802040306,'核算单据查询','核算查','Accounting Doc Query',8020403,6,'K3Calculate.application','OPT10245',0,'4S190',1,',1,2,3,9,10,11,12,13,',-1,1,'','','',0,0,'','','list');
delete t_DataFlowDetailFunc where FDetailFuncID=802040307
Insert into t_DataFlowDetailFunc(FDetailFuncID,FFuncName,FFuncName_CHT,FFuncName_EN,FSubFuncID,FIndex,FClassName,FClassParam,FIsNormal,FHelpCode,FVisible,FAcctType,FFuncType,FEnable,FShowName,FShowName_CHT,FShowName_EN,FIsEdit,FShowSysType,FUrl,FUrlType,FFuncType_Ex) values (802040307,'材料发出汇总表','材料l出R表','Material Delivery Summary',8020403,7,'K3Calculate.application','Rpt1064',0,'4S191',1,',1,2,3,9,10,11,12,13,',-1,1,'','','',0,0,'','','report');
delete t_DataFlowDetailFunc where FDetailFuncID=802040308
Insert into t_DataFlowDetailFunc(FDetailFuncID,FFuncName,FFuncName_CHT,FFuncName_EN,FSubFuncID,FIndex,FClassName,FClassParam,FIsNormal,FHelpCode,FVisible,FAcctType,FFuncType,FEnable,FShowName,FShowName_CHT,FShowName_EN,FIsEdit,FShowSysType,FUrl,FUrlType,FFuncType_Ex) values (802040308,'产成品发出汇总表','a成品l出R表','Product Delivery Summary',8020403,8,'K3Calculate.application','Rpt1065',0,'4S192',1,',1,2,3,9,10,11,12,13,',-1,1,'','','',0,0,'','','report');
delete t_DataFlowDetailFunc where FDetailFuncID=802040309
Insert into t_DataFlowDetailFunc(FDetailFuncID,FFuncName,FFuncName_CHT,FFuncName_EN,FSubFuncID,FIndex,FClassName,FClassParam,FIsNormal,FHelpCode,FVisible,FAcctType,FFuncType,FEnable,FShowName,FShowName_CHT,FShowName_EN,FIsEdit,FShowSysType,FUrl,FUrlType,FFuncType_Ex) values (802040309,'生产领料成本汇总表','生aI料成本R表','Picking List Cost Summary',8020403,9,'K3Calculate.application','Rpt1068',0,'4S193',1,',1,2,3,9,10,11,12,13,',-1,1,'','','',0,0,'','','report');
delete t_DataFlowDetailFunc where FDetailFuncID=802040310
Insert into t_DataFlowDetailFunc(FDetailFuncID,FFuncName,FFuncName_CHT,FFuncName_EN,FSubFuncID,FIndex,FClassName,FClassParam,FIsNormal,FHelpCode,FVisible,FAcctType,FFuncType,FEnable,FShowName,FShowName_CHT,FShowName_EN,FIsEdit,FShowSysType,FUrl,FUrlType,FFuncType_Ex) values (802040310,'销售成本明细表','N售成本明表','Sales Cost Details',8020403,12,'K3Calculate.application','Rpt1069',0,'4S194',1,',1,2,3,9,10,11,12,13,',-1,1,'','','',0,0,'','','report');
delete t_DataFlowDetailFunc where FDetailFuncID=802040311
Insert into t_DataFlowDetailFunc(FDetailFuncID,FFuncName,FFuncName_CHT,FFuncName_EN,FSubFuncID,FIndex,FClassName,FClassParam,FIsNormal,FHelpCode,FVisible,FAcctType,FFuncType,FEnable,FShowName,FShowName_CHT,FShowName_EN,FIsEdit,FShowSysType,FUrl,FUrlType,FFuncType_Ex) values (802040311,'销售收入明细表','N售收入明表','Sales Revenue Details',8020403,14,'K3Calculate.application','Rpt1075',0,'4S195',1,',1,2,3,9,10,11,12,13,',-1,1,'','','',0,0,'','','report');
delete t_DataFlowDetailFunc where FDetailFuncID=802040312
Insert into t_DataFlowDetailFunc(FDetailFuncID,FFuncName,FFuncName_CHT,FFuncName_EN,FSubFuncID,FIndex,FClassName,FClassParam,FIsNormal,FHelpCode,FVisible,FAcctType,FFuncType,FEnable,FShowName,FShowName_CHT,FShowName_EN,FIsEdit,FShowSysType,FUrl,FUrlType,FFuncType_Ex) values (802040312,'生产领料成本明细表','生aI料成本明表','Picking List Cost Details',8020403,10,'K3Calculate.application','Rpt1067',0,'4S196',1,',1,2,3,9,10,11,12,13,',-1,1,'','','',0,0,'','','report');
delete t_DataFlowDetailFunc where FDetailFuncID=802040313
Insert into t_DataFlowDetailFunc(FDetailFuncID,FFuncName,FFuncName_CHT,FFuncName_EN,FSubFuncID,FIndex,FClassName,FClassParam,FIsNormal,FHelpCode,FVisible,FAcctType,FFuncType,FEnable,FShowName,FShowName_CHT,FShowName_EN,FIsEdit,FShowSysType,FUrl,FUrlType,FFuncType_Ex) values (802040313,'分期收款发出商品汇总表','分期收款l出商品R表','Installment Collection Delivery Summary',8020403,15,'K3Calculate.application','Rpt1490',0,'4S197',1,',1,2,3,9,10,11,12,13,',-1,1,'','','',0,0,'','','report');
delete t_DataFlowDetailFunc where FDetailFuncID=802040314
Insert into t_DataFlowDetailFunc(FDetailFuncID,FFuncName,FFuncName_CHT,FFuncName_EN,FSubFuncID,FIndex,FClassName,FClassParam,FIsNormal,FHelpCode,FVisible,FAcctType,FFuncType,FEnable,FShowName,FShowName_CHT,FShowName_EN,FIsEdit,FShowSysType,FUrl,FUrlType,FFuncType_Ex) values (802040314,'分期收款发出商品明细账','分期收款l出商品明~','Installment Collection Delivery Details',8020403,16,'K3Calculate.application','Rpt10610',0,'4S198',1,',1,2,3,9,10,11,12,13,',-1,1,'','','',0,0,'','','report');
delete t_DataFlowDetailFunc where FDetailFuncID=802040315
Insert into t_DataFlowDetailFunc(FDetailFuncID,FFuncName,FFuncName_CHT,FFuncName_EN,FSubFuncID,FIndex,FClassName,FClassParam,FIsNormal,FHelpCode,FVisible,FAcctType,FFuncType,FEnable,FShowName,FShowName_CHT,FShowName_EN,FIsEdit,FShowSysType,FUrl,FUrlType,FFuncType_Ex) values (802040315,'委托代销发出商品明细账','委代Nl出商品明~','Consignment-out Delivery Details',8020403,18,'K3Calculate.application','Rpt20000',0,'4S199',1,',1,2,3,9,10,11,12,13,',-1,1,'','','',0,0,'','','report');
delete t_DataFlowDetailFunc where FDetailFuncID=802040316
Insert into t_DataFlowDetailFunc(FDetailFuncID,FFuncName,FFuncName_CHT,FFuncName_EN,FSubFuncID,FIndex,FClassName,FClassParam,FIsNormal,FHelpCode,FVisible,FAcctType,FFuncType,FEnable,FShowName,FShowName_CHT,FShowName_EN,FIsEdit,FShowSysType,FUrl,FUrlType,FFuncType_Ex) values (802040316,'销项税额汇总表','N~R表','Output Tax Summary',8020403,19,'K3Calculate.application','Rpt1077',0,'4S200',1,',1,2,3,9,10,11,12,13,',-1,1,'','','',0,0,'','','report');
delete t_DataFlowDetailFunc where FDetailFuncID=802040317
Insert into t_DataFlowDetailFunc(FDetailFuncID,FFuncName,FFuncName_CHT,FFuncName_EN,FSubFuncID,FIndex,FClassName,FClassParam,FIsNormal,FHelpCode,FVisible,FAcctType,FFuncType,FEnable,FShowName,FShowName_CHT,FShowName_EN,FIsEdit,FShowSysType,FUrl,FUrlType,FFuncType_Ex) values (802040317,'委外加工材料汇总表','委外加工材料R表','Subcontract Materials Summary',8020403,20,'K3Calculate.application','Rpt16000',0,'4S201',1,',1,2,3,9,10,11,12,13,',-1,1,'','','',0,0,'','','report');
delete t_DataFlowDetailFunc where FDetailFuncID=802040318
Insert into t_DataFlowDetailFunc(FDetailFuncID,FFuncName,FFuncName_CHT,FFuncName_EN,FSubFuncID,FIndex,FClassName,FClassParam,FIsNormal,FHelpCode,FVisible,FAcctType,FFuncType,FEnable,FShowName,FShowName_CHT,FShowName_EN,FIsEdit,FShowSysType,FUrl,FUrlType,FFuncType_Ex) values (802040318,'委外加工材料明细表','委外加工材料明表','Subcontract Materials Details',8020403,21,'K3Calculate.application','Rpt16200',0,'4S202',1,',1,2,3,9,10,11,12,13,',-1,1,'','','',0,0,'','','report');
delete t_DataFlowDetailFunc where FDetailFuncID=802040319
Insert into t_DataFlowDetailFunc(FDetailFuncID,FFuncName,FFuncName_CHT,FFuncName_EN,FSubFuncID,FIndex,FClassName,FClassParam,FIsNormal,FHelpCode,FVisible,FAcctType,FFuncType,FEnable,FShowName,FShowName_CHT,FShowName_EN,FIsEdit,FShowSysType,FUrl,FUrlType,FFuncType_Ex) values (802040319,'销售成本汇总表','N售成本R表','Sales Cost Summary',8020403,11,'K3Calculate.application','Rpt2170',0,'4S203',1,',1,2,3,9,10,11,12,13,',-1,1,'','','',0,0,'','','report');
delete t_DataFlowDetailFunc where FDetailFuncID=802040320
Insert into t_DataFlowDetailFunc(FDetailFuncID,FFuncName,FFuncName_CHT,FFuncName_EN,FSubFuncID,FIndex,FClassName,FClassParam,FIsNormal,FHelpCode,FVisible,FAcctType,FFuncType,FEnable,FShowName,FShowName_CHT,FShowName_EN,FIsEdit,FShowSysType,FUrl,FUrlType,FFuncType_Ex) values (802040320,'销售收入汇总表','N售收入R表','Sales Revenue Summary',8020403,13,'K3Calculate.application','Rpt2171',0,'4S204',1,',1,2,3,9,10,11,12,13,',-1,1,'','','',0,0,'','','report');
delete t_DataFlowDetailFunc where FDetailFuncID=802040321
Insert into t_DataFlowDetailFunc(FDetailFuncID,FFuncName,FFuncName_CHT,FFuncName_EN,FSubFuncID,FIndex,FClassName,FClassParam,FIsNormal,FHelpCode,FVisible,FAcctType,FFuncType,FEnable,FShowName,FShowName_CHT,FShowName_EN,FIsEdit,FShowSysType,FUrl,FUrlType,FFuncType_Ex) values (802040321,'委托代销发出商品汇总表','委代Nl出商品R表','Consignment-out Delivery Summary',8020403,17,'K3Calculate.application','Rpt10611',0,'4S205',1,',1,2,3,9,10,11,12,13,',-1,1,'','','',0,0,'','','report');
delete t_DataFlowDetailFunc where FDetailFuncID=802040401
Insert into t_DataFlowDetailFunc(FDetailFuncID,FFuncName,FFuncName_CHT,FFuncName_EN,FSubFuncID,FIndex,FClassName,FClassParam,FIsNormal,FHelpCode,FVisible,FAcctType,FFuncType,FEnable,FShowName,FShowName_CHT,FShowName_EN,FIsEdit,FShowSysType,FUrl,FUrlType,FFuncType_Ex) values (802040401,'凭证模板','{C本','Voucher Template',8020404,1,'K3Calculate.application','OPT10260',0,'4S206',1,',1,2,3,9,10,11,12,13,',-1,1,'','','',0,0,'','','function');
delete t_DataFlowDetailFunc where FDetailFuncID=802040402
Insert into t_DataFlowDetailFunc(FDetailFuncID,FFuncName,FFuncName_CHT,FFuncName_EN,FSubFuncID,FIndex,FClassName,FClassParam,FIsNormal,FHelpCode,FVisible,FAcctType,FFuncType,FEnable,FShowName,FShowName_CHT,FShowName_EN,FIsEdit,FShowSysType,FUrl,FUrlType,FFuncType_Ex) values (802040402,'生成凭证','生成{C','Generate Voucher',8020404,2,'K3Calculate.application','OPT10255',0,'4S207',1,',1,2,3,9,10,11,12,13,',-1,1,'','','',0,0,'','','function');
delete t_DataFlowDetailFunc where FDetailFuncID=802040403
Insert into t_DataFlowDetailFunc(FDetailFuncID,FFuncName,FFuncName_CHT,FFuncName_EN,FSubFuncID,FIndex,FClassName,FClassParam,FIsNormal,FHelpCode,FVisible,FAcctType,FFuncType,FEnable,FShowName,FShowName_CHT,FShowName_EN,FIsEdit,FShowSysType,FUrl,FUrlType,FFuncType_Ex) values (802040403,'凭证查询','{C查','Query Voucher',8020404,3,'K3Calculate.application','OPT10250',0,'4S208',1,',1,2,3,9,10,11,12,13,',-1,1,'','','',0,0,'','','list');
delete t_DataFlowDetailFunc where FDetailFuncID=802040501
Insert into t_DataFlowDetailFunc(FDetailFuncID,FFuncName,FFuncName_CHT,FFuncName_EN,FSubFuncID,FIndex,FClassName,FClassParam,FIsNormal,FHelpCode,FVisible,FAcctType,FFuncType,FEnable,FShowName,FShowName_CHT,FShowName_EN,FIsEdit,FShowSysType,FUrl,FUrlType,FFuncType_Ex) values (802040501,'调价单据录入','{r入','New Price Adjustment',8020405,1,'K3Calculate.application','OPT10265',0,'4S209',1,',1,2,3,9,10,11,12,13,',-1,1,'','','',0,0,'','','bill');
delete t_DataFlowDetailFunc where FDetailFuncID=802040502
Insert into t_DataFlowDetailFunc(FDetailFuncID,FFuncName,FFuncName_CHT,FFuncName_EN,FSubFuncID,FIndex,FClassName,FClassParam,FIsNormal,FHelpCode,FVisible,FAcctType,FFuncType,FEnable,FShowName,FShowName_CHT,FShowName_EN,FIsEdit,FShowSysType,FUrl,FUrlType,FFuncType_Ex) values (802040502,'调价单据维护','{rSo','Maintain Price Adjustment',8020405,2,'K3Calculate.application','OPT10270',0,'4S210',1,',1,2,3,9,10,11,12,13,',-1,1,'','','',0,0,'','','list');
delete t_DataFlowDetailFunc where FDetailFuncID=802040503
Insert into t_DataFlowDetailFunc(FDetailFuncID,FFuncName,FFuncName_CHT,FFuncName_EN,FSubFuncID,FIndex,FClassName,FClassParam,FIsNormal,FHelpCode,FVisible,FAcctType,FFuncType,FEnable,FShowName,FShowName_CHT,FShowName_EN,FIsEdit,FShowSysType,FUrl,FUrlType,FFuncType_Ex) values (802040503,'历史价格查询','v史r格查','Query Historical Price',8020405,3,'K3Calculate.application','OPT10275',0,'4S211',1,',1,2,3,9,10,11,12,13,',-1,1,'','','',0,0,'','','list');
delete t_DataFlowDetailFunc where FDetailFuncID=802040601
Insert into t_DataFlowDetailFunc(FDetailFuncID,FFuncName,FFuncName_CHT,FFuncName_EN,FSubFuncID,FIndex,FClassName,FClassParam,FIsNormal,FHelpCode,FVisible,FAcctType,FFuncType,FEnable,FShowName,FShowName_CHT,FShowName_EN,FIsEdit,FShowSysType,FUrl,FUrlType,FFuncType_Ex) values (802040601,'期末关账','期末P~','Lock EoP Account',8020406,1,'K3Calculate.application','OPT10284',0,'4S212',1,',1,2,3,9,10,11,12,13,',-1,1,'','','',0,0,'','','function');
delete t_DataFlowDetailFunc where FDetailFuncID=802040602
Insert into t_DataFlowDetailFunc(FDetailFuncID,FFuncName,FFuncName_CHT,FFuncName_EN,FSubFuncID,FIndex,FClassName,FClassParam,FIsNormal,FHelpCode,FVisible,FAcctType,FFuncType,FEnable,FShowName,FShowName_CHT,FShowName_EN,FIsEdit,FShowSysType,FUrl,FUrlType,FFuncType_Ex) values (802040602,'期末结账','期末Y~','Month-end Closing',8020406,2,'K3Calculate.application','OPT10280',0,'4S213',1,',1,2,3,9,10,11,12,13,',-1,1,'','','',0,0,'','','function');
delete t_DataFlowDetailFunc where FDetailFuncID=802040701
Insert into t_DataFlowDetailFunc(FDetailFuncID,FFuncName,FFuncName_CHT,FFuncName_EN,FSubFuncID,FIndex,FClassName,FClassParam,FIsNormal,FHelpCode,FVisible,FAcctType,FFuncType,FEnable,FShowName,FShowName_CHT,FShowName_EN,FIsEdit,FShowSysType,FUrl,FUrlType,FFuncType_Ex) values (802040701,'材料明细账','材料明~','Material Details',8020407,1,'K3Calculate.application','Rpt1061',0,'4S214',1,',1,2,3,9,10,11,12,13,',-1,1,'','','',0,0,'','','report');
delete t_DataFlowDetailFunc where FDetailFuncID=802040702
Insert into t_DataFlowDetailFunc(FDetailFuncID,FFuncName,FFuncName_CHT,FFuncName_EN,FSubFuncID,FIndex,FClassName,FClassParam,FIsNormal,FHelpCode,FVisible,FAcctType,FFuncType,FEnable,FShowName,FShowName_CHT,FShowName_EN,FIsEdit,FShowSysType,FUrl,FUrlType,FFuncType_Ex) values (802040702,'产成品明细账','a成品明~','Finished Product Details',8020407,2,'K3Calculate.application','Rpt1062',0,'4S215',1,',1,2,3,9,10,11,12,13,',-1,1,'','','',0,0,'','','report');
delete t_DataFlowDetailFunc where FDetailFuncID=802040703
Insert into t_DataFlowDetailFunc(FDetailFuncID,FFuncName,FFuncName_CHT,FFuncName_EN,FSubFuncID,FIndex,FClassName,FClassParam,FIsNormal,FHelpCode,FVisible,FAcctType,FFuncType,FEnable,FShowName,FShowName_CHT,FShowName_EN,FIsEdit,FShowSysType,FUrl,FUrlType,FFuncType_Ex) values (802040703,'存货收发存汇总表','存收l存R表','Stock Receipt/Delivery Summary',8020407,3,'K3Calculate.application','Rpt1066',0,'4S216',1,',1,2,3,9,10,11,12,13,',-1,1,'','','',0,0,'','','report');
delete t_DataFlowDetailFunc where FDetailFuncID=802040704
Insert into t_DataFlowDetailFunc(FDetailFuncID,FFuncName,FFuncName_CHT,FFuncName_EN,FSubFuncID,FIndex,FClassName,FClassParam,FIsNormal,FHelpCode,FVisible,FAcctType,FFuncType,FEnable,FShowName,FShowName_CHT,FShowName_EN,FIsEdit,FShowSysType,FUrl,FUrlType,FFuncType_Ex) values (802040704,'委外加工核销明细表','委外加工核N明表','Subcontract Write-off Details',8020407,5,'K3Calculate.application','Rpt16400',0,'4S217',1,',1,2,3,9,10,11,12,13,',-1,1,'','','',0,0,'','','report');
delete t_DataFlowDetailFunc where FDetailFuncID=802040705
Insert into t_DataFlowDetailFunc(FDetailFuncID,FFuncName,FFuncName_CHT,FFuncName_EN,FSubFuncID,FIndex,FClassName,FClassParam,FIsNormal,FHelpCode,FVisible,FAcctType,FFuncType,FEnable,FShowName,FShowName_CHT,FShowName_EN,FIsEdit,FShowSysType,FUrl,FUrlType,FFuncType_Ex) values (802040705,'材料成本差异汇总表','材料成本差R表','Material Cost Variance Summary',8020407,6,'K3Calculate.application','Rpt1390',0,'4S218',1,',1,2,3,9,10,11,12,13,',-1,1,'','','',0,0,'','','report');
delete t_DataFlowDetailFunc where FDetailFuncID=802040706
Insert into t_DataFlowDetailFunc(FDetailFuncID,FFuncName,FFuncName_CHT,FFuncName_EN,FSubFuncID,FIndex,FClassName,FClassParam,FIsNormal,FHelpCode,FVisible,FAcctType,FFuncType,FEnable,FShowName,FShowName_CHT,FShowName_EN,FIsEdit,FShowSysType,FUrl,FUrlType,FFuncType_Ex) values (802040706,'材料成本差异明细账','材料成本差明~','Material Cost Variance Details',8020407,7,'K3Calculate.application','Rpt1063',0,'4S219',1,',1,2,3,9,10,11,12,13,',-1,1,'','','',0,0,'','','report');
delete t_DataFlowDetailFunc where FDetailFuncID=802040707
Insert into t_DataFlowDetailFunc(FDetailFuncID,FFuncName,FFuncName_CHT,FFuncName_EN,FSubFuncID,FIndex,FClassName,FClassParam,FIsNormal,FHelpCode,FVisible,FAcctType,FFuncType,FEnable,FShowName,FShowName_CHT,FShowName_EN,FIsEdit,FShowSysType,FUrl,FUrlType,FFuncType_Ex) values (802040707,'销售毛利润汇总表','N售毛利R表','Sales Gross Profit Summary',8020407,8,'K3Calculate.application','Rpt2167',0,'4S220',1,',1,2,3,9,10,11,12,13,',-1,1,'','','',0,0,'','','report');
delete t_DataFlowDetailFunc where FDetailFuncID=802040708
Insert into t_DataFlowDetailFunc(FDetailFuncID,FFuncName,FFuncName_CHT,FFuncName_EN,FSubFuncID,FIndex,FClassName,FClassParam,FIsNormal,FHelpCode,FVisible,FAcctType,FFuncType,FEnable,FShowName,FShowName_CHT,FShowName_EN,FIsEdit,FShowSysType,FUrl,FUrlType,FFuncType_Ex) values (802040708,'委外加工核销汇总表','委外加工核NR表','Subcontract Write-off Summary',8020407,4,'K3Calculate.application','Rpt16401',0,'4S221',1,',1,2,3,9,10,11,12,13,',-1,1,'','','',0,0,'','','report');
delete t_DataFlowDetailFunc where FDetailFuncID=802040709
Insert into t_DataFlowDetailFunc(FDetailFuncID,FFuncName,FFuncName_CHT,FFuncName_EN,FSubFuncID,FIndex,FClassName,FClassParam,FIsNormal,FHelpCode,FVisible,FAcctType,FFuncType,FEnable,FShowName,FShowName_CHT,FShowName_EN,FIsEdit,FShowSysType,FUrl,FUrlType,FFuncType_Ex) values (802040709,'外购入库单与采购发票钩稽表','外入闻c褓l票^稽表','Purchase Receipt & Purchase Invoice Cross-check List',8020407,9,'K3Calculate.application','Rpt1070',0,'4S222',1,',1,2,3,9,10,11,12,13,',-1,1,'','','',0,0,'','','report');
delete t_DataFlowDetailFunc where FDetailFuncID=802040801
Insert into t_DataFlowDetailFunc(FDetailFuncID,FFuncName,FFuncName_CHT,FFuncName_EN,FSubFuncID,FIndex,FClassName,FClassParam,FIsNormal,FHelpCode,FVisible,FAcctType,FFuncType,FEnable,FShowName,FShowName_CHT,FShowName_EN,FIsEdit,FShowSysType,FUrl,FUrlType,FFuncType_Ex) values (802040801,'查询分析工具','查分析工具','Query Analyzer',8020408,1,'K3Calculate.application','Opt888888',0,'4S223',1,',1,2,3,9,10,11,12,13,',-1,1,'','','',0,0,'','','report');
delete t_DataFlowDetailFunc where FDetailFuncID=802040901
Insert into t_DataFlowDetailFunc(FDetailFuncID,FFuncName,FFuncName_CHT,FFuncName_EN,FSubFuncID,FIndex,FClassName,FClassParam,FIsNormal,FHelpCode,FVisible,FAcctType,FFuncType,FEnable,FShowName,FShowName_CHT,FShowName_EN,FIsEdit,FShowSysType,FUrl,FUrlType,FFuncType_Ex) values (802040901,'更新无单价单据','更新or','Update Doc without U/P',8020409,1,'K3Calculate.application','MNUmnuUpZero',0,'4S224',1,',1,2,3,9,10,11,12,13,',-1,1,'','','',0,0,'','','list');
delete t_DataFlowDetailFunc where FDetailFuncID=802040902
Insert into t_DataFlowDetailFunc(FDetailFuncID,FFuncName,FFuncName_CHT,FFuncName_EN,FSubFuncID,FIndex,FClassName,FClassParam,FIsNormal,FHelpCode,FVisible,FAcctType,FFuncType,FEnable,FShowName,FShowName_CHT,FShowName_EN,FIsEdit,FShowSysType,FUrl,FUrlType,FFuncType_Ex) values (802040902,'无单价单据更新 - 序时簿式','or更新 - 序r簿式','Update Doc without U/P - By Doc List',8020409,2,'K3Calculate.application','OPT10242',0,'4S225',1,',1,2,3,9,10,11,12,13,',-1,1,'','','',0,0,'','','list');
delete t_DataFlowDetailFunc where FDetailFuncID=802040903
Insert into t_DataFlowDetailFunc(FDetailFuncID,FFuncName,FFuncName_CHT,FFuncName_EN,FSubFuncID,FIndex,FClassName,FClassParam,FIsNormal,FHelpCode,FVisible,FAcctType,FFuncType,FEnable,FShowName,FShowName_CHT,FShowName_EN,FIsEdit,FShowSysType,FUrl,FUrlType,FFuncType_Ex) values (802040903,'无单价单据更新 - 按物料汇总','or更新 - 按物料R','Update Doc without U/P - Summarize by Material',8020409,3,'K3Calculate.application','OPT10243',0,'4S226',1,',1,2,3,9,10,11,12,13,',-1,1,'','','',0,0,'','','list');
delete t_DataFlowDetailFunc where FDetailFuncID=802041001
Insert into t_DataFlowDetailFunc(FDetailFuncID,FFuncName,FFuncName_CHT,FFuncName_EN,FSubFuncID,FIndex,FClassName,FClassParam,FIsNormal,FHelpCode,FVisible,FAcctType,FFuncType,FEnable,FShowName,FShowName_CHT,FShowName_EN,FIsEdit,FShowSysType,FUrl,FUrlType,FFuncType_Ex) values (802041001,'物料类别维护','物料eSo','Maintain Material Category',8020410,1,'K3Calculate.application','OPT10291',0,'4S227',1,',1,2,3,9,10,11,12,13,',-1,1,'','','',0,0,'','','list');
delete t_DataFlowDetailFunc where FDetailFuncID=802041002
Insert into t_DataFlowDetailFunc(FDetailFuncID,FFuncName,FFuncName_CHT,FFuncName_EN,FSubFuncID,FIndex,FClassName,FClassParam,FIsNormal,FHelpCode,FVisible,FAcctType,FFuncType,FEnable,FShowName,FShowName_CHT,FShowName_EN,FIsEdit,FShowSysType,FUrl,FUrlType,FFuncType_Ex) values (802041002,'存货跌价维护','存跌rSo','Maintain Inventory Depreciation',8020410,2,'K3Calculate.application','OPT10292',0,'4S228',1,',1,2,3,9,10,11,12,13,',-1,1,'','','',0,0,'','','list');
delete t_DataFlowDetailFunc where FDetailFuncID=802041003
Insert into t_DataFlowDetailFunc(FDetailFuncID,FFuncName,FFuncName_CHT,FFuncName_EN,FSubFuncID,FIndex,FClassName,FClassParam,FIsNormal,FHelpCode,FVisible,FAcctType,FFuncType,FEnable,FShowName,FShowName_CHT,FShowName_EN,FIsEdit,FShowSysType,FUrl,FUrlType,FFuncType_Ex) values (802041003,'存货跌价准备计提表','存跌r溆提表','Inventory Depreciation Details',8020410,3,'K3Calculate.application','Rpt16402',0,'4S229',1,',1,2,3,9,10,11,12,13,',-1,1,'','','',0,0,'','','report');
delete t_DataFlowDetailFunc where FDetailFuncID=802041101
Insert into t_DataFlowDetailFunc(FDetailFuncID,FFuncName,FFuncName_CHT,FFuncName_EN,FSubFuncID,FIndex,FClassName,FClassParam,FIsNormal,FHelpCode,FVisible,FAcctType,FFuncType,FEnable,FShowName,FShowName_CHT,FShowName_EN,FIsEdit,FShowSysType,FUrl,FUrlType,FFuncType_Ex) values (802041101,'反结账','反Y~','De-close',8020411,1,'K3Calculate.application','OPT10283',0,'4S230',1,',1,2,3,9,10,11,12,13,',-1,1,'','','',0,0,'','','function');
delete t_DataFlowDetailFunc where FDetailFuncID=803010101
Insert into t_DataFlowDetailFunc(FDetailFuncID,FFuncName,FFuncName_CHT,FFuncName_EN,FSubFuncID,FIndex,FClassName,FClassParam,FIsNormal,FHelpCode,FVisible,FAcctType,FFuncType,FEnable,FShowName,FShowName_CHT,FShowName_EN,FIsEdit,FShowSysType,FUrl,FUrlType,FFuncType_Ex) values (803010101,'代办服务单 - 维护','代办服务单 - 维护','代办服务单 - 维护',8030101,1,'K3BOSActive.Application','List|200000045',1,'4S231',1,'',0,1,null,null,null,1,1,'','newtab','list');
delete t_DataFlowDetailFunc where FDetailFuncID=803010102
Insert into t_DataFlowDetailFunc(FDetailFuncID,FFuncName,FFuncName_CHT,FFuncName_EN,FSubFuncID,FIndex,FClassName,FClassParam,FIsNormal,FHelpCode,FVisible,FAcctType,FFuncType,FEnable,FShowName,FShowName_CHT,FShowName_EN,FIsEdit,FShowSysType,FUrl,FUrlType,FFuncType_Ex) values (803010102,'代办服务单 - 新增','代办服务单 - 新增','代办服务单 - 新增',8030101,2,'K3BOSActive.Application','Bill|200000045',1,'4S232',1,'',0,1,null,null,null,1,1,'','newtab','base');
delete t_DataFlowDetailFunc where FDetailFuncID=803010201
Insert into t_DataFlowDetailFunc(FDetailFuncID,FFuncName,FFuncName_CHT,FFuncName_EN,FSubFuncID,FIndex,FClassName,FClassParam,FIsNormal,FHelpCode,FVisible,FAcctType,FFuncType,FEnable,FShowName,FShowName_CHT,FShowName_EN,FIsEdit,FShowSysType,FUrl,FUrlType,FFuncType_Ex) values (803010201,'上牌登记 - 维护','上牌登记 - 维护','上牌登记 - 维护',8030102,1,'K3BOSActive.Application','List|200000046',1,'4S233',1,'',0,1,null,null,null,1,1,'','newtab','list');
delete t_DataFlowDetailFunc where FDetailFuncID=803010202
Insert into t_DataFlowDetailFunc(FDetailFuncID,FFuncName,FFuncName_CHT,FFuncName_EN,FSubFuncID,FIndex,FClassName,FClassParam,FIsNormal,FHelpCode,FVisible,FAcctType,FFuncType,FEnable,FShowName,FShowName_CHT,FShowName_EN,FIsEdit,FShowSysType,FUrl,FUrlType,FFuncType_Ex) values (803010202,'上牌登记 - 新增','上牌登记 - 新增','上牌登记 - 新增',8030102,2,'K3BOSActive.Application','Bill|200000046',1,'4S234',1,'',0,1,null,null,null,1,1,'','newtab','base');
delete t_DataFlowDetailFunc where FDetailFuncID=803010301
Insert into t_DataFlowDetailFunc(FDetailFuncID,FFuncName,FFuncName_CHT,FFuncName_EN,FSubFuncID,FIndex,FClassName,FClassParam,FIsNormal,FHelpCode,FVisible,FAcctType,FFuncType,FEnable,FShowName,FShowName_CHT,FShowName_EN,FIsEdit,FShowSysType,FUrl,FUrlType,FFuncType_Ex) values (803010301,'保险登记 - 维护','保险登记 - 维护','保险登记 - 维护',8030103,1,'K3BOSActive.Application','List|200000047',1,'4S235',1,'',0,1,null,null,null,1,1,'','newtab','list');
delete t_DataFlowDetailFunc where FDetailFuncID=803010302
Insert into t_DataFlowDetailFunc(FDetailFuncID,FFuncName,FFuncName_CHT,FFuncName_EN,FSubFuncID,FIndex,FClassName,FClassParam,FIsNormal,FHelpCode,FVisible,FAcctType,FFuncType,FEnable,FShowName,FShowName_CHT,FShowName_EN,FIsEdit,FShowSysType,FUrl,FUrlType,FFuncType_Ex) values (803010302,'保险登记 - 新增','保险登记 - 新增','保险登记 - 新增',8030103,2,'K3BOSActive.Application','Bill|200000047',1,'4S236',1,'',0,1,null,null,null,1,1,'','newtab','base');
delete t_DataFlowDetailFunc where FDetailFuncID=803010401
Insert into t_DataFlowDetailFunc(FDetailFuncID,FFuncName,FFuncName_CHT,FFuncName_EN,FSubFuncID,FIndex,FClassName,FClassParam,FIsNormal,FHelpCode,FVisible,FAcctType,FFuncType,FEnable,FShowName,FShowName_CHT,FShowName_EN,FIsEdit,FShowSysType,FUrl,FUrlType,FFuncType_Ex) values (803010401,'按揭登记 - 维护','按揭登记 - 维护','按揭登记 - 维护',8030104,1,'K3BOSActive.Application','List|200000048',1,'4S237',1,'',0,1,null,null,null,1,1,'','newtab','list');
delete t_DataFlowDetailFunc where FDetailFuncID=803010402
Insert into t_DataFlowDetailFunc(FDetailFuncID,FFuncName,FFuncName_CHT,FFuncName_EN,FSubFuncID,FIndex,FClassName,FClassParam,FIsNormal,FHelpCode,FVisible,FAcctType,FFuncType,FEnable,FShowName,FShowName_CHT,FShowName_EN,FIsEdit,FShowSysType,FUrl,FUrlType,FFuncType_Ex) values (803010402,'按揭登记- 新增','按揭登记- 新增','按揭登记- 新增',8030104,2,'K3BOSActive.Application','Bill|200000048',1,'4S238',1,'',0,1,null,null,null,1,1,'','newtab','base');
delete t_DataFlowDetailFunc where FDetailFuncID=804010101
Insert into t_DataFlowDetailFunc(FDetailFuncID,FFuncName,FFuncName_CHT,FFuncName_EN,FSubFuncID,FIndex,FClassName,FClassParam,FIsNormal,FHelpCode,FVisible,FAcctType,FFuncType,FEnable,FShowName,FShowName_CHT,FShowName_EN,FIsEdit,FShowSysType,FUrl,FUrlType,FFuncType_Ex) values (804010101,'服务活动登记 - 维护','服务活动登记 - 维护','服务活动登记 - 维护',8040101,1,'K3BOSActive.Application','XXXXX',1,'4S239',1,'',0,1,null,null,null,1,1,'','newtab','list');
delete t_DataFlowDetailFunc where FDetailFuncID=804010102
Insert into t_DataFlowDetailFunc(FDetailFuncID,FFuncName,FFuncName_CHT,FFuncName_EN,FSubFuncID,FIndex,FClassName,FClassParam,FIsNormal,FHelpCode,FVisible,FAcctType,FFuncType,FEnable,FShowName,FShowName_CHT,FShowName_EN,FIsEdit,FShowSysType,FUrl,FUrlType,FFuncType_Ex) values (804010102,'服务活动登记 - 新增','服务活动登记 - 新增','服务活动登记 - 新增',8040101,2,'K3BOSActive.Application','XXXXX',1,'4S240',1,'',0,1,null,null,null,1,1,'','newtab','base');
delete t_DataFlowDetailFunc where FDetailFuncID=804010201
Insert into t_DataFlowDetailFunc(FDetailFuncID,FFuncName,FFuncName_CHT,FFuncName_EN,FSubFuncID,FIndex,FClassName,FClassParam,FIsNormal,FHelpCode,FVisible,FAcctType,FFuncType,FEnable,FShowName,FShowName_CHT,FShowName_EN,FIsEdit,FShowSysType,FUrl,FUrlType,FFuncType_Ex) values (804010201,'维修预约 - 维护','维修预约 - 维护','维修预约 - 维护',8040102,1,'K3BOSActive.Application','List|200000064',1,'4S241',1,'',0,1,null,null,null,1,1,'','newtab','list');
delete t_DataFlowDetailFunc where FDetailFuncID=804010202
Insert into t_DataFlowDetailFunc(FDetailFuncID,FFuncName,FFuncName_CHT,FFuncName_EN,FSubFuncID,FIndex,FClassName,FClassParam,FIsNormal,FHelpCode,FVisible,FAcctType,FFuncType,FEnable,FShowName,FShowName_CHT,FShowName_EN,FIsEdit,FShowSysType,FUrl,FUrlType,FFuncType_Ex) values (804010202,'维修预约 - 新增','维修预约 - 新增','维修预约 - 新增',8040102,2,'K3BOSActive.Application','Bill|200000064',1,'4S242',1,'',0,1,null,null,null,1,1,'','newtab','base');
delete t_DataFlowDetailFunc where FDetailFuncID=804010301
Insert into t_DataFlowDetailFunc(FDetailFuncID,FFuncName,FFuncName_CHT,FFuncName_EN,FSubFuncID,FIndex,FClassName,FClassParam,FIsNormal,FHelpCode,FVisible,FAcctType,FFuncType,FEnable,FShowName,FShowName_CHT,FShowName_EN,FIsEdit,FShowSysType,FUrl,FUrlType,FFuncType_Ex) values (804010301,'维修工单 - 维护','维修工单 - 维护','维修工单 - 维护',8040103,1,'K3BOSActive.Application','List|200000068',1,'4S243',1,'',0,1,null,null,null,1,1,'','newtab','list');
delete t_DataFlowDetailFunc where FDetailFuncID=804010302
Insert into t_DataFlowDetailFunc(FDetailFuncID,FFuncName,FFuncName_CHT,FFuncName_EN,FSubFuncID,FIndex,FClassName,FClassParam,FIsNormal,FHelpCode,FVisible,FAcctType,FFuncType,FEnable,FShowName,FShowName_CHT,FShowName_EN,FIsEdit,FShowSysType,FUrl,FUrlType,FFuncType_Ex) values (804010302,'维修工单 - 新增','维修工单 - 新增','维修工单 - 新增',8040103,2,'K3BOSActive.Application','Bill|200000068',1,'4S244',1,'',0,1,null,null,null,1,1,'','newtab','base');
delete t_DataFlowDetailFunc where FDetailFuncID=804010401
Insert into t_DataFlowDetailFunc(FDetailFuncID,FFuncName,FFuncName_CHT,FFuncName_EN,FSubFuncID,FIndex,FClassName,FClassParam,FIsNormal,FHelpCode,FVisible,FAcctType,FFuncType,FEnable,FShowName,FShowName_CHT,FShowName_EN,FIsEdit,FShowSysType,FUrl,FUrlType,FFuncType_Ex) values (804010401,'车间管理','车间管理','车间管理',8040104,1,'K3BOSActive.Application','Bill|200000069',1,'4S245',1,'',0,1,null,null,null,1,1,'','newtab','base');
delete t_DataFlowDetailFunc where FDetailFuncID=804010402
Insert into t_DataFlowDetailFunc(FDetailFuncID,FFuncName,FFuncName_CHT,FFuncName_EN,FSubFuncID,FIndex,FClassName,FClassParam,FIsNormal,FHelpCode,FVisible,FAcctType,FFuncType,FEnable,FShowName,FShowName_CHT,FShowName_EN,FIsEdit,FShowSysType,FUrl,FUrlType,FFuncType_Ex) values (804010402,'车间派工 - 维护','车间派工 - 维护','车间派工 - 维护',8040104,2,'K3BOSActive.Application','List|200000071',1,'4S246',1,'',0,1,null,null,null,1,1,'','newtab','list');
delete t_DataFlowDetailFunc where FDetailFuncID=804010403
Insert into t_DataFlowDetailFunc(FDetailFuncID,FFuncName,FFuncName_CHT,FFuncName_EN,FSubFuncID,FIndex,FClassName,FClassParam,FIsNormal,FHelpCode,FVisible,FAcctType,FFuncType,FEnable,FShowName,FShowName_CHT,FShowName_EN,FIsEdit,FShowSysType,FUrl,FUrlType,FFuncType_Ex) values (804010403,'车间派工 - 新增','车间派工 - 新增','车间派工 - 新增',8040104,3,'K3BOSActive.Application','Bill|200000071',1,'4S247',1,'',0,1,null,null,null,1,1,'','newtab','base');
delete t_DataFlowDetailFunc where FDetailFuncID=804010404
Insert into t_DataFlowDetailFunc(FDetailFuncID,FFuncName,FFuncName_CHT,FFuncName_EN,FSubFuncID,FIndex,FClassName,FClassParam,FIsNormal,FHelpCode,FVisible,FAcctType,FFuncType,FEnable,FShowName,FShowName_CHT,FShowName_EN,FIsEdit,FShowSysType,FUrl,FUrlType,FFuncType_Ex) values (804010404,'车间领料 - 维护','车间领料 - 维护','车间领料 - 维护',8040104,4,'K3Stock.Application','Opt1011501',0,'4S248',1,',1,2,3,9,10,11,12,13,',-1,1,'','','',0,0,'','','bill');
delete t_DataFlowDetailFunc where FDetailFuncID=804010405
Insert into t_DataFlowDetailFunc(FDetailFuncID,FFuncName,FFuncName_CHT,FFuncName_EN,FSubFuncID,FIndex,FClassName,FClassParam,FIsNormal,FHelpCode,FVisible,FAcctType,FFuncType,FEnable,FShowName,FShowName_CHT,FShowName_EN,FIsEdit,FShowSysType,FUrl,FUrlType,FFuncType_Ex) values (804010405,'车间领料 - 新增','车间领料 - 新增','车间领料 - 新增',8040104,5,'K3Stock.Application','Opt1014701',0,'4S249',1,',1,2,3,9,10,11,12,13,',-1,1,'','','',0,0,'','','list');
delete t_DataFlowDetailFunc where FDetailFuncID=804010406
Insert into t_DataFlowDetailFunc(FDetailFuncID,FFuncName,FFuncName_CHT,FFuncName_EN,FSubFuncID,FIndex,FClassName,FClassParam,FIsNormal,FHelpCode,FVisible,FAcctType,FFuncType,FEnable,FShowName,FShowName_CHT,FShowName_EN,FIsEdit,FShowSysType,FUrl,FUrlType,FFuncType_Ex) values (804010406,'维修中断 - 维护','维修中断 - 维护','维修中断 - 维护',8040104,6,'K3BOSActive.Application','List|200000074',1,'4S250',1,'',0,1,null,null,null,1,1,'','newtab','list');
delete t_DataFlowDetailFunc where FDetailFuncID=804010407
Insert into t_DataFlowDetailFunc(FDetailFuncID,FFuncName,FFuncName_CHT,FFuncName_EN,FSubFuncID,FIndex,FClassName,FClassParam,FIsNormal,FHelpCode,FVisible,FAcctType,FFuncType,FEnable,FShowName,FShowName_CHT,FShowName_EN,FIsEdit,FShowSysType,FUrl,FUrlType,FFuncType_Ex) values (804010407,'维修中断 - 新增','维修中断 - 新增','维修中断 - 新增',8040104,7,'K3BOSActive.Application','Bill|200000074',1,'4S251',1,'',0,1,null,null,null,1,1,'','newtab','base');
delete t_DataFlowDetailFunc where FDetailFuncID=804010408
Insert into t_DataFlowDetailFunc(FDetailFuncID,FFuncName,FFuncName_CHT,FFuncName_EN,FSubFuncID,FIndex,FClassName,FClassParam,FIsNormal,FHelpCode,FVisible,FAcctType,FFuncType,FEnable,FShowName,FShowName_CHT,FShowName_EN,FIsEdit,FShowSysType,FUrl,FUrlType,FFuncType_Ex) values (804010408,'质检 - 维护','质检 - 维护','质检 - 维护',8040104,8,'K3BOSActive.Application','List|200000075',1,'4S252',1,'',0,1,null,null,null,1,1,'','newtab','list');
delete t_DataFlowDetailFunc where FDetailFuncID=804010409
Insert into t_DataFlowDetailFunc(FDetailFuncID,FFuncName,FFuncName_CHT,FFuncName_EN,FSubFuncID,FIndex,FClassName,FClassParam,FIsNormal,FHelpCode,FVisible,FAcctType,FFuncType,FEnable,FShowName,FShowName_CHT,FShowName_EN,FIsEdit,FShowSysType,FUrl,FUrlType,FFuncType_Ex) values (804010409,'质检 - 新增','质检 - 新增','质检 - 新增',8040104,9,'K3BOSActive.Application','Bill|200000075',1,'4S253',1,'',0,1,null,null,null,1,1,'','newtab','base');
delete t_DataFlowDetailFunc where FDetailFuncID=804010410
Insert into t_DataFlowDetailFunc(FDetailFuncID,FFuncName,FFuncName_CHT,FFuncName_EN,FSubFuncID,FIndex,FClassName,FClassParam,FIsNormal,FHelpCode,FVisible,FAcctType,FFuncType,FEnable,FShowName,FShowName_CHT,FShowName_EN,FIsEdit,FShowSysType,FUrl,FUrlType,FFuncType_Ex) values (804010410,'洗车 - 维护','洗车 - 维护','洗车 - 维护',8040104,10,'K3BOSActive.Application','List|200000076',1,'4S254',1,'',0,1,null,null,null,1,1,'','newtab','list');
delete t_DataFlowDetailFunc where FDetailFuncID=804010411
Insert into t_DataFlowDetailFunc(FDetailFuncID,FFuncName,FFuncName_CHT,FFuncName_EN,FSubFuncID,FIndex,FClassName,FClassParam,FIsNormal,FHelpCode,FVisible,FAcctType,FFuncType,FEnable,FShowName,FShowName_CHT,FShowName_EN,FIsEdit,FShowSysType,FUrl,FUrlType,FFuncType_Ex) values (804010411,'洗车 - 新增','洗车 - 新增','洗车 - 新增',8040104,11,'K3BOSActive.Application','Bill|200000076',1,'4S255',1,'',0,1,null,null,null,1,1,'','newtab','base');
delete t_DataFlowDetailFunc where FDetailFuncID=805010101
Insert into t_DataFlowDetailFunc(FDetailFuncID,FFuncName,FFuncName_CHT,FFuncName_EN,FSubFuncID,FIndex,FClassName,FClassParam,FIsNormal,FHelpCode,FVisible,FAcctType,FFuncType,FEnable,FShowName,FShowName_CHT,FShowName_EN,FIsEdit,FShowSysType,FUrl,FUrlType,FFuncType_Ex) values (805010101,'新车销售回访 - 维护','新车销售回访 - 维护','新车销售回访 - 维护',8050101,1,'K3BOSActive.Application','List|200000077',1,'4S256',1,'',0,1,null,null,null,1,1,'','newtab','list');
delete t_DataFlowDetailFunc where FDetailFuncID=805010102
Insert into t_DataFlowDetailFunc(FDetailFuncID,FFuncName,FFuncName_CHT,FFuncName_EN,FSubFuncID,FIndex,FClassName,FClassParam,FIsNormal,FHelpCode,FVisible,FAcctType,FFuncType,FEnable,FShowName,FShowName_CHT,FShowName_EN,FIsEdit,FShowSysType,FUrl,FUrlType,FFuncType_Ex) values (805010102,'新车销售回访 - 新增','新车销售回访 - 新增','新车销售回访 - 新增',8050101,2,'K3BOSActive.Application','Bill|200000077',1,'4S257',1,'',0,1,null,null,null,1,1,'','newtab','base');
delete t_DataFlowDetailFunc where FDetailFuncID=805010103
Insert into t_DataFlowDetailFunc(FDetailFuncID,FFuncName,FFuncName_CHT,FFuncName_EN,FSubFuncID,FIndex,FClassName,FClassParam,FIsNormal,FHelpCode,FVisible,FAcctType,FFuncType,FEnable,FShowName,FShowName_CHT,FShowName_EN,FIsEdit,FShowSysType,FUrl,FUrlType,FFuncType_Ex) values (805010103,'售后维修回访 - 维护','售后维修回访 - 维护','售后维修回访 - 维护',8050101,3,'K3BOSActive.Application','List|200000080',1,'4S258',1,'',0,1,null,null,null,1,1,'','newtab','list');
delete t_DataFlowDetailFunc where FDetailFuncID=805010104
Insert into t_DataFlowDetailFunc(FDetailFuncID,FFuncName,FFuncName_CHT,FFuncName_EN,FSubFuncID,FIndex,FClassName,FClassParam,FIsNormal,FHelpCode,FVisible,FAcctType,FFuncType,FEnable,FShowName,FShowName_CHT,FShowName_EN,FIsEdit,FShowSysType,FUrl,FUrlType,FFuncType_Ex) values (805010104,'售后维修回访 - 新增','售后维修回访 - 新增','售后维修回访 - 新增',8050101,4,'K3BOSActive.Application','Bill|200000080',1,'4S259',1,'',0,1,null,null,null,1,1,'','newtab','base');
delete t_DataFlowDetailFunc where FDetailFuncID=805010105
Insert into t_DataFlowDetailFunc(FDetailFuncID,FFuncName,FFuncName_CHT,FFuncName_EN,FSubFuncID,FIndex,FClassName,FClassParam,FIsNormal,FHelpCode,FVisible,FAcctType,FFuncType,FEnable,FShowName,FShowName_CHT,FShowName_EN,FIsEdit,FShowSysType,FUrl,FUrlType,FFuncType_Ex) values (805010105,'潜客来访回访 - 维护','潜客来访回访 - 维护','潜客来访回访 - 维护',8050101,5,'K3BOSActive.Application','List|200000081',1,'4S260',1,'',0,1,null,null,null,1,1,'','newtab','list');
delete t_DataFlowDetailFunc where FDetailFuncID=805010106
Insert into t_DataFlowDetailFunc(FDetailFuncID,FFuncName,FFuncName_CHT,FFuncName_EN,FSubFuncID,FIndex,FClassName,FClassParam,FIsNormal,FHelpCode,FVisible,FAcctType,FFuncType,FEnable,FShowName,FShowName_CHT,FShowName_EN,FIsEdit,FShowSysType,FUrl,FUrlType,FFuncType_Ex) values (805010106,'潜客来访回访 - 新增','潜客来访回访 - 新增','潜客来访回访 - 新增',8050101,6,'K3BOSActive.Application','Bill|200000081',1,'4S261',1,'',0,1,null,null,null,1,1,'','newtab','base');
delete t_DataFlowDetailFunc where FDetailFuncID=805010201
Insert into t_DataFlowDetailFunc(FDetailFuncID,FFuncName,FFuncName_CHT,FFuncName_EN,FSubFuncID,FIndex,FClassName,FClassParam,FIsNormal,FHelpCode,FVisible,FAcctType,FFuncType,FEnable,FShowName,FShowName_CHT,FShowName_EN,FIsEdit,FShowSysType,FUrl,FUrlType,FFuncType_Ex) values (805010201,'定期保养提醒 - 维护','定期保养提醒 - 维护','定期保养提醒 - 维护',8050102,1,'K3BOSActive.Application','List|200000082',1,'4S262',1,'',0,1,null,null,null,1,1,'','newtab','list');
delete t_DataFlowDetailFunc where FDetailFuncID=805010202
Insert into t_DataFlowDetailFunc(FDetailFuncID,FFuncName,FFuncName_CHT,FFuncName_EN,FSubFuncID,FIndex,FClassName,FClassParam,FIsNormal,FHelpCode,FVisible,FAcctType,FFuncType,FEnable,FShowName,FShowName_CHT,FShowName_EN,FIsEdit,FShowSysType,FUrl,FUrlType,FFuncType_Ex) values (805010202,'定期保养提醒 - 新增','定期保养提醒 - 新增','定期保养提醒 - 新增',8050102,2,'K3BOSActive.Application','Bill|200000082',1,'4S263',1,'',0,1,null,null,null,1,1,'','newtab','base');
delete t_DataFlowDetailFunc where FDetailFuncID=805010203
Insert into t_DataFlowDetailFunc(FDetailFuncID,FFuncName,FFuncName_CHT,FFuncName_EN,FSubFuncID,FIndex,FClassName,FClassParam,FIsNormal,FHelpCode,FVisible,FAcctType,FFuncType,FEnable,FShowName,FShowName_CHT,FShowName_EN,FIsEdit,FShowSysType,FUrl,FUrlType,FFuncType_Ex) values (805010203,'保险到期提醒 - 维护','保险到期提醒 - 维护','保险到期提醒 - 维护',8050102,3,'K3BOSActive.Application','List|200000083',1,'4S264',1,'',0,1,null,null,null,1,1,'','newtab','list');
delete t_DataFlowDetailFunc where FDetailFuncID=805010204
Insert into t_DataFlowDetailFunc(FDetailFuncID,FFuncName,FFuncName_CHT,FFuncName_EN,FSubFuncID,FIndex,FClassName,FClassParam,FIsNormal,FHelpCode,FVisible,FAcctType,FFuncType,FEnable,FShowName,FShowName_CHT,FShowName_EN,FIsEdit,FShowSysType,FUrl,FUrlType,FFuncType_Ex) values (805010204,'保险到期提醒 - 新增','保险到期提醒 - 新增','保险到期提醒 - 新增',8050102,4,'K3BOSActive.Application','Bill|200000083',1,'4S265',1,'',0,1,null,null,null,1,1,'','newtab','base');
delete t_DataFlowDetailFunc where FDetailFuncID=805010205
Insert into t_DataFlowDetailFunc(FDetailFuncID,FFuncName,FFuncName_CHT,FFuncName_EN,FSubFuncID,FIndex,FClassName,FClassParam,FIsNormal,FHelpCode,FVisible,FAcctType,FFuncType,FEnable,FShowName,FShowName_CHT,FShowName_EN,FIsEdit,FShowSysType,FUrl,FUrlType,FFuncType_Ex) values (805010205,'保修到期提醒 - 维护','保修到期提醒 - 维护','保修到期提醒 - 维护',8050102,5,'K3BOSActive.Application','List|200000084',1,'4S266',1,'',0,1,null,null,null,1,1,'','newtab','list');
delete t_DataFlowDetailFunc where FDetailFuncID=805010206
Insert into t_DataFlowDetailFunc(FDetailFuncID,FFuncName,FFuncName_CHT,FFuncName_EN,FSubFuncID,FIndex,FClassName,FClassParam,FIsNormal,FHelpCode,FVisible,FAcctType,FFuncType,FEnable,FShowName,FShowName_CHT,FShowName_EN,FIsEdit,FShowSysType,FUrl,FUrlType,FFuncType_Ex) values (805010206,'保修到期提醒 - 新增','保修到期提醒 - 新增','保修到期提醒 - 新增',8050102,6,'K3BOSActive.Application','Bill|200000084',1,'4S267',1,'',0,1,null,null,null,1,1,'','newtab','base');
delete t_DataFlowDetailFunc where FDetailFuncID=805010207
Insert into t_DataFlowDetailFunc(FDetailFuncID,FFuncName,FFuncName_CHT,FFuncName_EN,FSubFuncID,FIndex,FClassName,FClassParam,FIsNormal,FHelpCode,FVisible,FAcctType,FFuncType,FEnable,FShowName,FShowName_CHT,FShowName_EN,FIsEdit,FShowSysType,FUrl,FUrlType,FFuncType_Ex) values (805010207,'生日祝福 - 维护','生日祝福 - 维护','生日祝福 - 维护',8050102,7,'K3BOSActive.Application','List|200000085',1,'4S268',1,'',0,1,null,null,null,1,1,'','newtab','list');
delete t_DataFlowDetailFunc where FDetailFuncID=805010208
Insert into t_DataFlowDetailFunc(FDetailFuncID,FFuncName,FFuncName_CHT,FFuncName_EN,FSubFuncID,FIndex,FClassName,FClassParam,FIsNormal,FHelpCode,FVisible,FAcctType,FFuncType,FEnable,FShowName,FShowName_CHT,FShowName_EN,FIsEdit,FShowSysType,FUrl,FUrlType,FFuncType_Ex) values (805010208,'生日祝福 - 新增','生日祝福 - 新增','生日祝福 - 新增',8050102,8,'K3BOSActive.Application','Bill|200000085',1,'4S269',1,'',0,1,null,null,null,1,1,'','newtab','base');
delete t_DataFlowDetailFunc where FDetailFuncID=805010209
Insert into t_DataFlowDetailFunc(FDetailFuncID,FFuncName,FFuncName_CHT,FFuncName_EN,FSubFuncID,FIndex,FClassName,FClassParam,FIsNormal,FHelpCode,FVisible,FAcctType,FFuncType,FEnable,FShowName,FShowName_CHT,FShowName_EN,FIsEdit,FShowSysType,FUrl,FUrlType,FFuncType_Ex) values (805010209,'节假日问候 - 维护','节假日问候 - 维护','节假日问候 - 维护',8050102,9,'K3BOSActive.Application','List|200000087',1,'4S270',1,'',0,1,null,null,null,1,1,'','newtab','list');
delete t_DataFlowDetailFunc where FDetailFuncID=805010210
Insert into t_DataFlowDetailFunc(FDetailFuncID,FFuncName,FFuncName_CHT,FFuncName_EN,FSubFuncID,FIndex,FClassName,FClassParam,FIsNormal,FHelpCode,FVisible,FAcctType,FFuncType,FEnable,FShowName,FShowName_CHT,FShowName_EN,FIsEdit,FShowSysType,FUrl,FUrlType,FFuncType_Ex) values (805010210,'节假日问候 - 新增','节假日问候 - 新增','节假日问候 - 新增',8050102,10,'K3BOSActive.Application','Bill|200000087',1,'4S271',1,'',0,1,null,null,null,1,1,'','newtab','base');
delete t_DataFlowDetailFunc where FDetailFuncID=805010301
Insert into t_DataFlowDetailFunc(FDetailFuncID,FFuncName,FFuncName_CHT,FFuncName_EN,FSubFuncID,FIndex,FClassName,FClassParam,FIsNormal,FHelpCode,FVisible,FAcctType,FFuncType,FEnable,FShowName,FShowName_CHT,FShowName_EN,FIsEdit,FShowSysType,FUrl,FUrlType,FFuncType_Ex) values (805010301,'客户投诉 - 维护','客户投诉 - 维护','客户投诉 - 维护',8050103,1,'K3BOSActive.Application','List|200000088',1,'4S272',1,'',0,1,null,null,null,1,1,'','newtab','list');
delete t_DataFlowDetailFunc where FDetailFuncID=805010302
Insert into t_DataFlowDetailFunc(FDetailFuncID,FFuncName,FFuncName_CHT,FFuncName_EN,FSubFuncID,FIndex,FClassName,FClassParam,FIsNormal,FHelpCode,FVisible,FAcctType,FFuncType,FEnable,FShowName,FShowName_CHT,FShowName_EN,FIsEdit,FShowSysType,FUrl,FUrlType,FFuncType_Ex) values (805010302,'客户投诉 - 新增','客户投诉 - 新增','客户投诉 - 新增',8050103,2,'K3BOSActive.Application','Bill|200000088',1,'4S273',1,'',0,1,null,null,null,1,1,'','newtab','base');
delete t_DataFlowDetailFunc where FDetailFuncID=805010401
Insert into t_DataFlowDetailFunc(FDetailFuncID,FFuncName,FFuncName_CHT,FFuncName_EN,FSubFuncID,FIndex,FClassName,FClassParam,FIsNormal,FHelpCode,FVisible,FAcctType,FFuncType,FEnable,FShowName,FShowName_CHT,FShowName_EN,FIsEdit,FShowSysType,FUrl,FUrlType,FFuncType_Ex) values (805010401,'满意度调查方案 - 维护','满意度调查方案 - 维护','满意度调查方案 - 维护',8050104,1,'K3BOSActive.Application','List|200000091',1,'4S274',1,'',0,1,null,null,null,1,1,'','newtab','list');
delete t_DataFlowDetailFunc where FDetailFuncID=805010402
Insert into t_DataFlowDetailFunc(FDetailFuncID,FFuncName,FFuncName_CHT,FFuncName_EN,FSubFuncID,FIndex,FClassName,FClassParam,FIsNormal,FHelpCode,FVisible,FAcctType,FFuncType,FEnable,FShowName,FShowName_CHT,FShowName_EN,FIsEdit,FShowSysType,FUrl,FUrlType,FFuncType_Ex) values (805010402,'满意度调查方案 - 新增','满意度调查方案 - 新增','满意度调查方案 - 新增',8050104,2,'K3BOSActive.Application','Bill|200000091',1,'4S275',1,'',0,1,null,null,null,1,1,'','newtab','base');
delete t_DataFlowDetailFunc where FDetailFuncID=805010401
Insert into t_DataFlowDetailFunc(FDetailFuncID,FFuncName,FFuncName_CHT,FFuncName_EN,FSubFuncID,FIndex,FClassName,FClassParam,FIsNormal,FHelpCode,FVisible,FAcctType,FFuncType,FEnable,FShowName,FShowName_CHT,FShowName_EN,FIsEdit,FShowSysType,FUrl,FUrlType,FFuncType_Ex) values (805010401,'满意度调查计划 - 维护','满意度调查计划 - 维护','满意度调查计划 - 维护',8050104,1,'K3BOSActive.Application','List|200000094',1,'4S276',1,'',0,1,null,null,null,1,1,'','newtab','list');
delete t_DataFlowDetailFunc where FDetailFuncID=805010402
Insert into t_DataFlowDetailFunc(FDetailFuncID,FFuncName,FFuncName_CHT,FFuncName_EN,FSubFuncID,FIndex,FClassName,FClassParam,FIsNormal,FHelpCode,FVisible,FAcctType,FFuncType,FEnable,FShowName,FShowName_CHT,FShowName_EN,FIsEdit,FShowSysType,FUrl,FUrlType,FFuncType_Ex) values (805010402,'满意度调查计划 - 新增','满意度调查计划 - 新增','满意度调查计划 - 新增',8050104,2,'K3BOSActive.Application','Bill|200000094',1,'4S277',1,'',0,1,null,null,null,1,1,'','newtab','base');
delete t_DataFlowDetailFunc where FDetailFuncID=805010403
Insert into t_DataFlowDetailFunc(FDetailFuncID,FFuncName,FFuncName_CHT,FFuncName_EN,FSubFuncID,FIndex,FClassName,FClassParam,FIsNormal,FHelpCode,FVisible,FAcctType,FFuncType,FEnable,FShowName,FShowName_CHT,FShowName_EN,FIsEdit,FShowSysType,FUrl,FUrlType,FFuncType_Ex) values (805010403,'满意度调查登记 - 维护','满意度调查登记 - 维护','满意度调查登记 - 维护',8050104,1,'K3BOSActive.Application','List|200000095',1,'4S278',1,'',0,1,null,null,null,1,1,'','newtab','list');
delete t_DataFlowDetailFunc where FDetailFuncID=805010404
Insert into t_DataFlowDetailFunc(FDetailFuncID,FFuncName,FFuncName_CHT,FFuncName_EN,FSubFuncID,FIndex,FClassName,FClassParam,FIsNormal,FHelpCode,FVisible,FAcctType,FFuncType,FEnable,FShowName,FShowName_CHT,FShowName_EN,FIsEdit,FShowSysType,FUrl,FUrlType,FFuncType_Ex) values (805010404,'满意度调查登记 - 新增','满意度调查登记 - 新增','满意度调查登记 - 新增',8050104,2,'K3BOSActive.Application','Bill|200000095',1,'4S279',1,'',0,1,null,null,null,1,1,'','newtab','base');
update t_DataFlowTopClass set FVisible=0 where FTopClassID in (24,25,26,27,28,30,31,50,80,85,86,209,240)
update t_DataFlowTimeStamp Set FName = FName


if @@ERROR = 0 
begin
  commit;
end else
begin
  rollback;
end
end try
begin catch
  declare @errorMsg varchar(4000)
  select @errorMsg=ERROR_MESSAGE();
  raiserror (@errorMsg,16,1)
  rollback;
end catch
